pH,Temperature,Taste,Odor,Fat_Content,Titratable_Acidity,Protein_Content,Lactose_Content,TPC,SCC,Color,Label
6.85,7.4,1,1,3.17,0.179,3.13,4.65,905100,398300,1,Medium
6.73,6.7,0,1,3.16,0.182,2.91,4.32,1380300,402200,1,Medium
6.78,7.8,0,1,3.11,0.161,2.97,4.52,681000,347700,1,Medium
6.71,4.9,1,1,4.12,0.141,3.06,4.78,131000,249700,1,High
6.53,14.9,0,0,2.87,0.208,2.6,4.26,7289200,632300,1,Low
6.8,7.4,0,1,3.26,0.182,2.85,4.48,472000,334900,1,Medium
6.25,16.4,0,0,2.4,0.27,2.64,3.94,5270200,936500,0,Low
7.17,20.4,0,0,2.48,0.322,2.44,3.62,7955500,747000,0,Low
6.73,3.2,1,1,4.37,0.131,3.24,5.11,118900,67300,1,High
6.76,4.2,1,1,4.57,0.131,3.45,4.99,175300,206600,1,High
6.73,2.8,1,1,4.16,0.137,3.31,4.81,146900,69100,1,High
6.89,17.0,0,0,2.43,0.256,2.43,4.16,7071500,1187900,0,Low
6.43,24.4,0,1,2.21,0.236,2.36,3.66,6600600,527200,1,Low
6.78,8.9,0,1,3.21,0.185,3.08,4.54,1386200,295300,1,Medium
6.83,9.7,1,0,3.13,0.168,2.98,4.65,1435500,312300,1,Medium
6.56,7.7,1,1,3.17,0.173,2.87,4.46,1104300,439600,1,Medium
6.77,4.9,1,1,3.59,0.138,3.4,4.85,244400,63900,1,High
6.54,19.9,0,1,2.25,0.309,2.59,3.75,6034700,628900,1,Low
6.76,6.9,1,1,3.39,0.19,2.9,4.59,902300,421400,1,Medium
7.12,13.4,0,0,3.13,0.304,2.9,3.79,7577700,604500,1,Low
6.69,9.8,1,1,3.39,0.176,3.04,4.59,584500,331000,0,Medium
6.68,9.8,1,0,3.09,0.166,3.13,4.4,1464700,427400,1,Medium
6.56,7.8,1,1,3.31,0.177,2.97,4.6,1926900,315700,1,Medium
6.28,24.0,0,0,2.02,0.329,2.44,3.59,2425300,1104400,0,Low
6.68,8.8,1,1,3.25,0.171,2.91,4.58,1933800,255600,1,Medium
6.73,5.9,1,1,4.39,0.153,3.49,5.05,87800,89500,1,High
6.76,9.0,1,1,3.38,0.182,3.0,4.53,1076400,315700,0,Medium
6.8,5.9,1,1,3.57,0.159,3.45,4.56,207100,165700,1,High
6.82,9.6,1,1,3.33,0.19,2.96,4.53,1567900,374100,0,Medium
6.61,8.0,1,0,3.06,0.182,2.86,4.39,1636600,314600,1,Medium
6.69,5.3,1,1,4.74,0.122,3.34,4.63,265800,75900,1,High
6.95,22.3,0,0,2.34,0.292,2.37,3.57,3830800,761600,1,Low
6.68,2.9,1,1,4.44,0.132,3.48,4.68,287200,82800,1,High
6.83,6.6,1,1,3.16,0.175,2.97,4.5,1350900,303700,1,Medium
6.67,6.6,1,0,3.38,0.168,2.91,4.31,1317600,348200,1,Medium
6.67,4.0,1,1,3.62,0.168,3.09,5.19,109500,166600,1,High
7.17,17.0,0,0,2.76,0.259,2.91,4.22,5289100,1004400,0,Low
6.72,3.5,1,1,3.91,0.135,3.34,5.16,222500,166500,1,High
6.76,8.1,1,1,3.34,0.17,2.96,4.44,1007200,432900,1,Medium
6.74,5.9,1,1,3.87,0.136,3.1,5.07,173400,77700,1,High
6.78,7.0,0,1,3.15,0.166,2.87,4.4,552900,282200,1,Medium
6.69,3.8,1,1,4.09,0.135,3.3,4.64,168100,245100,1,High
6.69,3.2,1,1,4.11,0.123,3.36,4.63,138200,73400,1,High
7.17,25.0,1,0,3.0,0.217,2.35,4.04,6323300,1025700,1,Low
6.62,5.2,1,1,4.68,0.125,3.14,4.74,66900,72800,1,High
7.13,19.8,0,1,2.84,0.294,2.41,4.37,7250200,744400,0,Low
6.84,9.3,1,1,3.39,0.175,2.87,4.46,1767700,342400,1,Medium
6.79,2.8,1,1,4.76,0.143,3.14,5.07,168100,156100,1,High
7.08,11.7,0,1,2.8,0.309,2.51,3.74,5891300,829300,1,Low
6.83,8.7,0,1,3.29,0.17,3.08,4.43,1865600,324700,1,Medium
6.84,7.6,1,1,3.3,0.17,3.15,4.41,1517300,265800,0,Medium
6.72,4.2,1,1,4.55,0.147,3.09,4.75,28900,40900,1,High
6.68,2.1,1,1,4.48,0.123,3.05,5.07,88700,125300,1,High
6.82,8.2,1,1,3.09,0.165,3.09,4.47,1089300,328700,1,Medium
6.65,3.5,1,1,4.58,0.135,3.08,4.96,179200,131700,1,High
6.73,6.3,1,1,3.08,0.173,3.01,4.57,327600,273900,1,Medium
6.74,9.9,0,1,3.34,0.168,3.08,4.64,1295800,394000,1,Medium
7.04,11.9,0,1,2.44,0.299,2.51,4.15,7996500,1143200,0,Low
6.96,12.4,0,0,2.95,0.207,2.34,4.23,7104700,999500,0,Low
6.68,3.1,1,1,4.31,0.131,3.18,4.84,16600,151500,1,High
6.78,3.3,1,1,4.26,0.141,3.41,5.14,240200,156900,1,High
7.01,21.3,0,1,2.97,0.194,2.71,3.59,6585000,457200,0,Low
7.11,21.0,1,0,2.23,0.269,2.94,4.04,2651000,1125100,0,Low
6.7,7.4,1,1,3.21,0.173,3.04,4.48,1916800,298300,1,Medium
6.71,2.8,1,1,4.5,0.163,3.31,4.61,172900,107400,1,High
6.37,20.8,1,1,2.9,0.309,2.71,3.69,2489900,567900,0,Low
6.34,15.8,1,1,2.8,0.293,2.59,3.65,7984300,1040100,0,Low
6.77,2.1,1,1,4.16,0.168,3.43,4.65,73500,115500,1,High
6.68,5.5,1,1,3.45,0.138,3.47,4.7,121400,61800,1,High
6.8,6.3,1,1,3.15,0.165,3.03,4.61,1979700,272800,1,Medium
6.57,9.4,1,0,3.11,0.173,3.09,4.6,840100,334400,1,Medium
6.98,23.2,1,0,2.23,0.343,2.65,3.55,7863300,1118200,0,Low
6.53,11.3,1,0,2.19,0.346,2.94,3.79,7253900,798500,1,Low
6.72,2.1,1,1,4.23,0.151,3.06,4.62,75100,169900,1,High
7.09,21.9,0,1,2.35,0.296,2.55,3.54,2178000,562100,0,Low
6.8,2.2,1,1,3.62,0.162,3.31,4.87,128000,68000,1,High
6.64,2.1,1,1,3.75,0.127,3.36,4.78,157300,173600,1,High
6.28,14.3,0,0,2.89,0.187,2.78,4.39,5916100,610500,1,Low
6.61,5.5,1,1,3.3,0.125,3.09,4.8,111500,71600,1,High
6.6,3.9,1,1,3.76,0.165,3.41,4.61,49500,50600,1,High
6.98,15.2,0,1,3.12,0.202,2.83,4.02,6568500,755700,0,Low
6.44,22.8,1,0,3.01,0.315,2.43,4.37,5185000,931500,0,Low
6.6,2.2,1,1,3.73,0.122,3.14,4.57,47300,159000,1,High
6.65,3.6,1,1,3.76,0.151,3.05,4.65,235900,200200,1,High
6.68,2.4,1,1,4.7,0.133,3.29,5.13,278100,109300,1,High
7.05,13.9,0,0,2.26,0.244,2.49,4.34,7311300,337500,0,Low
6.29,21.6,0,0,2.47,0.193,2.75,4.0,3561000,1021100,0,Low
6.51,22.5,0,1,2.03,0.182,2.77,4.17,3066300,773400,1,Low
6.51,10.3,1,0,2.61,0.292,2.8,4.35,5954000,721200,0,Low
6.71,3.6,1,1,4.14,0.133,3.31,5.17,181300,128300,1,High
6.75,6.4,0,1,3.25,0.162,2.97,4.35,364200,294300,1,Medium
6.63,7.1,1,1,3.37,0.184,2.96,4.61,1072700,410700,1,Medium
6.69,7.1,1,1,3.16,0.162,2.97,4.39,705900,337400,1,Medium
6.63,3.0,1,1,4.34,0.165,3.1,5.06,127800,79400,1,High
6.61,9.3,1,1,3.09,0.178,2.91,4.39,1043900,319600,1,Medium
6.7,3.8,1,1,4.59,0.124,3.23,4.82,222100,44800,1,High
6.63,2.6,1,1,4.12,0.17,3.24,5.15,245200,128900,1,High
6.65,6.2,1,1,3.1,0.162,3.06,4.62,430600,321200,1,Medium
6.65,5.9,1,1,4.42,0.126,3.48,5.18,139200,129700,1,High
6.57,7.6,1,1,3.2,0.184,2.9,4.34,640600,350100,1,Medium
6.65,4.6,1,1,4.03,0.152,3.24,4.59,70900,112600,1,High
6.96,19.1,0,1,2.6,0.187,2.63,4.18,2859000,475700,1,Low
6.41,24.8,1,0,3.06,0.183,2.92,4.17,3775000,520600,0,Low
6.62,2.8,1,1,4.11,0.17,3.08,5.16,156000,156400,1,High
6.72,4.9,1,1,4.62,0.153,3.37,4.58,149900,84800,1,High
6.78,2.9,1,1,4.77,0.15,3.2,5.13,248500,220400,1,High
6.57,8.6,1,1,3.28,0.166,3.11,4.32,352800,347700,1,Medium
6.63,9.7,1,1,3.28,0.183,2.99,4.39,1978800,439500,1,Medium
6.58,8.3,1,0,3.21,0.164,2.96,4.62,1115100,340100,1,Medium
6.77,3.3,1,1,3.6,0.135,3.27,4.9,173600,47300,1,High
6.59,9.5,1,0,3.34,0.161,3.08,4.57,726700,263100,1,Medium
6.47,14.4,0,0,2.18,0.214,2.64,3.75,6538400,774000,0,Low
6.96,15.4,1,1,2.48,0.242,2.79,4.23,5763600,872600,0,Low
6.61,8.1,1,1,3.26,0.166,2.85,4.34,1162000,438500,1,Medium
6.72,3.2,1,1,3.57,0.145,3.29,4.7,161000,90500,1,High
6.78,6.9,1,1,3.21,0.165,3.01,4.36,811900,423400,0,Medium
6.74,8.4,1,0,3.26,0.177,3.02,4.41,1754100,405900,1,Medium
6.85,8.7,1,0,3.24,0.17,3.01,4.56,1406000,318700,1,Medium
6.71,5.2,1,1,4.66,0.13,3.29,4.94,26300,146300,1,High
6.25,14.2,0,0,3.12,0.196,2.55,4.31,3810900,662100,0,Low
6.7,2.4,1,1,3.62,0.135,3.44,4.8,18900,139500,1,High
6.78,6.4,1,1,3.19,0.19,3.13,4.52,841700,351800,1,Medium
6.68,7.4,1,1,3.17,0.169,2.93,4.47,999100,323900,0,Medium
6.67,2.5,1,1,3.56,0.144,3.43,4.64,56700,188700,1,High
6.39,15.8,1,0,2.98,0.306,2.77,4.24,3177400,617100,0,Low
6.63,4.2,1,1,4.15,0.147,3.26,5.09,101800,207700,1,High
7.19,17.4,0,0,2.94,0.248,2.66,4.39,4556500,741100,1,Low
6.61,3.0,1,1,4.51,0.133,3.27,5.12,16400,22300,1,High
6.83,6.3,1,0,3.18,0.187,2.87,4.56,1850700,401600,1,Medium
6.59,6.1,1,0,3.11,0.187,3.09,4.54,442500,357300,1,Medium
6.62,6.4,1,0,3.24,0.178,2.86,4.55,1428800,301100,1,Medium
6.71,6.4,1,0,3.09,0.163,2.92,4.58,469400,293000,1,Medium
6.6,7.2,1,0,3.08,0.19,2.99,4.57,1316300,347800,1,Medium
6.61,8.1,1,1,3.32,0.161,2.91,4.63,1236300,341700,0,Medium
6.77,5.0,1,1,4.66,0.168,3.28,4.63,240500,70300,1,High
6.79,4.7,1,1,4.74,0.14,3.3,4.81,224700,80500,1,High
6.64,7.9,1,1,3.22,0.16,2.98,4.62,1815200,310300,0,Medium
6.77,5.5,1,1,4.41,0.14,3.5,5.18,204600,150800,1,High
6.2,10.7,0,1,2.42,0.291,2.49,4.06,5272000,367700,1,Low
6.67,8.3,0,1,3.25,0.17,3.02,4.45,1620600,343300,1,Medium
6.71,7.6,1,0,3.29,0.165,2.86,4.41,1516900,381500,1,Medium
6.52,15.8,0,0,2.84,0.347,2.59,4.08,2765100,906400,0,Low
6.65,6.8,1,1,3.34,0.168,3.14,4.64,1645100,431000,1,Medium
6.52,23.2,1,0,2.05,0.252,2.34,3.97,2040500,813500,0,Low
6.71,2.9,1,1,3.61,0.143,3.24,5.06,257500,196800,1,High
6.67,7.9,1,0,3.07,0.184,2.98,4.44,1991500,388100,1,Medium
7.06,18.7,0,0,2.16,0.32,2.79,3.99,5276000,321100,0,Low
6.77,5.7,1,1,3.41,0.149,3.31,5.13,38600,74800,1,High
6.78,9.5,1,0,3.37,0.17,3.14,4.49,1957900,384600,1,Medium
6.68,2.7,1,1,4.29,0.122,3.22,4.89,179700,208600,1,High
6.76,7.7,1,1,3.36,0.188,3.1,4.33,583000,401200,0,Medium
6.66,6.3,1,1,3.29,0.184,3.03,4.4,1713800,301300,1,Medium
6.75,8.2,1,1,3.34,0.188,3.1,4.61,613600,393500,1,Medium
6.7,9.3,1,1,3.2,0.162,2.95,4.39,1384700,368700,0,Medium
6.36,16.2,1,0,2.51,0.257,2.83,4.38,5899600,1166400,0,Low
6.58,6.1,1,1,3.12,0.161,3.1,4.55,322000,397000,1,Medium
6.71,8.9,0,1,3.34,0.162,2.94,4.36,1351600,348600,1,Medium
6.74,5.9,1,1,3.83,0.131,3.07,4.69,21900,239900,1,High
6.79,6.8,0,1,3.23,0.183,2.99,4.58,1976200,298600,1,Medium
6.66,6.3,1,1,3.09,0.171,2.9,4.43,709200,277000,0,Medium
6.78,5.5,1,1,3.83,0.151,3.43,5.18,60500,187800,1,High
6.28,24.2,1,1,2.66,0.189,2.33,3.77,4832100,575800,0,Low
6.61,3.5,1,1,4.37,0.166,3.13,4.97,235400,58600,1,High
6.62,2.2,1,1,4.1,0.155,3.14,4.56,276100,72300,1,High
6.8,8.0,1,0,3.11,0.184,3.0,4.47,1598100,340900,1,Medium
6.8,4.0,1,1,3.75,0.127,3.07,5.11,279700,226000,1,High
6.7,3.8,1,1,3.8,0.133,3.41,4.57,154800,187400,1,High
6.72,9.8,1,1,3.39,0.178,2.87,4.63,1699400,405500,0,Medium
6.81,9.5,1,1,3.12,0.186,3.06,4.56,1157100,404300,1,Medium
6.62,2.3,1,1,4.37,0.135,3.36,4.91,15600,81600,1,High
6.74,2.8,1,1,3.4,0.156,3.22,4.62,49300,223800,1,High
7.17,14.5,0,0,3.04,0.284,2.43,4.35,6350400,1026100,0,Low
6.57,9.0,0,1,3.18,0.18,2.98,4.36,792400,296200,1,Medium
6.62,3.5,1,1,4.01,0.153,3.07,4.71,145600,79600,1,High
6.28,19.5,0,1,2.94,0.265,2.58,4.21,3544600,582300,0,Low
6.27,24.3,1,0,2.92,0.346,2.39,3.68,6727100,993800,0,Low
6.71,3.2,1,1,3.95,0.139,3.19,4.82,138600,128000,1,High
6.75,7.9,0,1,3.14,0.173,2.94,4.38,1168900,434700,1,Medium
7.13,22.0,1,1,2.04,0.284,2.52,3.61,3546000,437600,0,Low
6.92,24.1,0,0,2.57,0.31,2.37,4.33,3426900,781000,0,Low
6.98,17.5,0,0,2.78,0.342,2.71,3.7,3087900,396600,0,Low
6.61,7.3,1,0,3.18,0.181,2.85,4.45,1572200,354300,1,Medium
6.96,14.1,0,0,2.93,0.2,2.77,3.71,5794700,519800,0,Low
6.75,6.4,1,0,3.23,0.172,3.05,4.48,1498600,294300,1,Medium
6.69,3.6,1,1,3.43,0.12,3.27,5.04,220600,213800,1,High
6.7,8.8,1,1,3.33,0.179,2.87,4.64,1094000,388800,1,Medium
6.8,3.1,1,1,4.4,0.125,3.28,5.13,167700,225300,1,High
6.93,23.1,0,0,2.95,0.299,2.58,3.94,7086900,806200,0,Low
6.68,2.1,1,1,4.22,0.137,3.19,5.07,174800,176100,1,High
6.78,6.6,1,1,3.37,0.17,3.08,4.34,793600,360100,0,Medium
6.74,5.7,1,1,3.42,0.131,3.35,4.58,74700,218600,1,High
6.78,2.2,1,1,4.8,0.129,3.08,4.64,243000,81100,1,High
6.77,4.5,1,1,4.67,0.158,3.43,5.05,180400,198800,1,High
6.86,16.3,0,0,3.16,0.233,2.38,4.24,7789900,1124400,0,Low
6.62,4.7,1,1,4.33,0.147,3.39,5.2,288800,40100,1,High
6.74,4.2,1,1,4.64,0.12,3.29,5.13,118400,204300,1,High
6.7,4.1,1,1,4.68,0.166,3.07,5.09,224100,208400,1,High
6.73,2.8,1,1,4.0,0.121,3.34,4.69,193300,247300,1,High
6.73,8.6,1,0,3.18,0.162,3.03,4.58,539600,437300,1,Medium
6.21,20.4,0,0,2.77,0.345,2.73,4.12,7066600,1199000,1,Low
6.68,4.7,1,1,3.92,0.166,3.25,4.98,228700,66400,1,High
6.79,2.6,1,1,3.74,0.121,3.12,4.76,76600,173600,1,High
6.63,7.3,1,1,3.14,0.168,3.14,4.5,1324200,374000,1,Medium
6.79,8.0,0,1,3.24,0.188,2.88,4.54,1250600,289100,1,Medium
6.59,7.6,1,1,3.1,0.164,3.12,4.32,522000,320100,1,Medium
6.74,4.1,1,1,4.53,0.155,3.15,5.07,197500,161900,1,High
6.93,23.5,0,1,3.0,0.288,2.63,4.29,7123800,590400,1,Low
6.8,8.3,0,1,3.1,0.164,2.92,4.42,1386200,290800,1,Medium
6.76,4.5,1,1,4.2,0.155,3.32,5.04,13700,118700,1,High
6.22,10.2,0,1,2.92,0.262,2.46,3.55,5858200,850800,1,Low
6.72,6.1,1,1,3.17,0.165,2.92,4.57,1105500,431600,1,Medium
6.66,8.7,1,1,3.26,0.168,3.11,4.65,1308200,334600,1,Medium
6.7,7.4,1,1,3.19,0.177,2.89,4.61,453100,343800,0,Medium
6.73,9.5,1,1,3.15,0.166,3.0,4.45,730100,314100,1,Medium
6.63,9.2,1,1,3.35,0.177,3.11,4.54,1053100,401700,1,Medium
6.57,8.5,0,1,3.18,0.169,3.12,4.52,1886900,295900,1,Medium
6.7,6.1,1,0,3.33,0.164,3.11,4.4,818800,299400,1,Medium
7.14,17.1,1,0,2.84,0.335,2.49,4.37,5809700,399600,1,Low
6.46,23.7,0,0,2.77,0.314,2.37,3.57,3355400,681600,0,Low
6.67,8.3,0,1,3.25,0.179,2.9,4.37,1985700,390400,1,Medium
6.48,11.0,1,0,2.08,0.28,2.41,3.85,4992500,1154200,0,Low
6.76,8.9,1,1,3.14,0.187,3.01,4.49,457100,349100,0,Medium
6.77,6.2,1,1,3.09,0.171,2.91,4.62,553300,376100,0,Medium
6.73,8.8,1,0,3.26,0.162,2.85,4.6,1934500,305000,1,Medium
6.72,3.3,1,1,4.59,0.146,3.11,4.6,191700,166700,1,High
6.66,7.9,1,1,3.21,0.166,2.88,4.65,1842500,291200,1,Medium
6.75,2.9,1,1,4.56,0.141,3.34,4.99,294400,128000,1,High
6.71,5.5,1,1,3.69,0.159,3.16,4.8,90300,75500,1,High
6.63,9.6,1,1,3.19,0.176,2.96,4.59,751700,258700,1,Medium
6.6,2.7,1,1,4.76,0.159,3.2,5.03,274400,169700,1,High
6.77,3.5,1,1,3.63,0.128,3.23,4.97,42200,31500,1,High
6.78,4.9,1,1,3.46,0.168,3.09,5.11,50300,171700,1,High
6.61,7.4,1,1,3.31,0.171,3.03,4.33,1478000,422200,1,Medium
6.67,2.9,1,1,3.37,0.156,3.37,5.14,198100,108100,1,High
6.34,22.2,0,1,3.05,0.247,2.7,3.58,6874000,939600,0,Low
6.59,8.4,1,1,3.07,0.17,3.14,4.36,1068600,386000,1,Medium
6.63,7.7,0,1,3.32,0.176,3.13,4.54,1533500,380700,1,Medium
6.72,4.9,1,1,4.6,0.148,3.21,4.77,41000,192700,1,High
6.97,20.9,1,0,2.43,0.219,2.31,3.8,2525400,370600,0,Low
7.02,21.5,0,0,2.72,0.335,2.69,4.19,2029600,567100,0,Low
6.66,3.9,1,1,4.24,0.165,3.21,4.86,275900,246500,1,High
6.58,7.5,1,1,3.11,0.185,3.05,4.38,1741200,378000,1,Medium
6.67,4.3,1,1,3.65,0.136,3.07,5.14,50500,178300,1,High
6.8,5.4,1,1,3.84,0.126,3.07,5.1,38500,218800,1,High
6.56,7.7,1,1,3.18,0.162,2.99,4.5,1986500,271200,1,Medium
6.83,8.4,1,1,3.31,0.17,2.87,4.33,1533100,258500,1,Medium
6.71,6.2,0,1,3.39,0.163,3.0,4.51,677900,357600,1,Medium
6.59,7.6,1,1,3.39,0.172,2.87,4.41,1416700,267000,1,Medium
6.84,6.6,1,1,3.06,0.181,2.91,4.43,897500,325000,1,Medium
6.8,6.4,1,0,3.38,0.171,3.06,4.63,573000,280000,1,Medium
6.66,9.2,0,1,3.16,0.184,2.9,4.61,1893900,317300,1,Medium
6.63,2.1,1,1,3.72,0.143,3.32,5.02,70600,45300,1,High
6.21,23.7,1,0,2.22,0.243,2.83,4.3,3541800,854900,0,Low
6.68,9.0,1,0,3.06,0.167,2.91,4.47,1457700,340400,1,Medium
6.74,9.8,1,0,3.09,0.175,2.9,4.46,1589200,359900,1,Medium
6.77,2.5,1,1,4.77,0.124,3.28,4.59,90900,229600,1,High
6.45,25.0,0,0,2.64,0.306,2.52,4.05,7076200,630600,0,Low
6.75,2.1,1,1,3.67,0.159,3.13,4.79,14800,143800,1,High
6.5,20.3,0,1,2.55,0.264,2.88,4.28,5215300,624800,0,Low
6.98,12.5,0,1,2.93,0.193,2.35,4.22,2156600,994300,0,Low
6.37,11.5,0,1,2.79,0.183,2.88,4.23,4490500,784600,0,Low
6.7,8.4,0,1,3.38,0.164,3.03,4.53,510600,416300,1,Medium
6.66,8.0,0,1,3.05,0.166,2.97,4.41,1590700,432000,1,Medium
6.79,3.2,1,1,4.0,0.149,3.16,5.11,124000,152700,1,High
6.61,9.0,1,0,3.12,0.186,2.86,4.55,640200,271700,1,Medium
6.66,6.6,1,1,3.28,0.182,3.15,4.39,838900,351600,1,Medium
6.6,6.9,1,1,3.14,0.185,3.03,4.45,710800,384700,1,Medium
7.06,12.2,1,1,2.46,0.205,2.92,3.85,6643300,794100,0,Low
6.42,23.8,0,1,2.68,0.272,2.49,4.25,4363300,1142800,1,Low
6.22,17.5,0,0,2.93,0.237,2.9,4.26,5028600,552800,0,Low
6.53,18.5,0,0,3.12,0.282,2.93,3.5,7827800,839700,1,Low
6.97,24.4,1,0,2.8,0.21,2.8,3.94,4927100,894300,0,Low
6.8,9.8,1,1,3.27,0.178,2.95,4.32,1242600,252900,1,Medium
6.73,9.6,1,1,3.21,0.17,2.95,4.48,368800,292200,1,Medium
6.72,3.7,1,1,4.29,0.129,3.06,4.6,277600,226300,1,High
6.93,23.2,0,1,2.39,0.317,2.58,4.39,3768000,609500,1,Low
6.67,3.2,1,1,4.64,0.138,3.08,5.03,236700,158600,1,High
6.65,7.9,1,1,3.27,0.163,2.9,4.5,1712900,401300,1,Medium
6.72,4.8,1,1,3.35,0.154,3.32,4.73,254300,162100,1,High
6.78,2.6,1,1,4.31,0.137,3.45,5.15,59500,121500,1,High
7.17,17.9,0,0,2.56,0.292,2.4,3.75,3467400,1020600,1,Low
6.79,3.5,1,1,4.3,0.135,3.08,4.85,247300,208900,1,High
6.65,9.5,1,1,3.38,0.178,2.98,4.44,1567300,325600,1,Medium
6.71,3.4,1,1,3.42,0.124,3.47,4.82,298500,159400,1,High
6.7,4.6,1,1,3.38,0.15,3.4,5.1,128800,68100,1,High
7.04,13.1,0,0,2.38,0.183,2.5,3.73,2910500,406600,1,Low
6.56,8.6,0,1,3.25,0.186,3.04,4.43,1518500,346100,1,Medium
6.51,21.3,0,0,2.23,0.258,2.6,3.78,5527800,341400,0,Low
6.78,8.6,1,1,3.1,0.162,3.01,4.36,428300,334600,1,Medium
7.05,11.3,0,1,2.13,0.265,2.73,4.36,3479500,750900,1,Low
6.66,5.4,1,1,3.43,0.135,3.08,5.06,277700,206300,1,High
6.61,8.5,1,0,3.34,0.176,2.88,4.51,1147600,388200,1,Medium
6.75,3.5,1,1,3.69,0.168,3.07,4.84,264900,40300,1,High
7.11,16.9,0,0,2.44,0.207,2.82,3.51,7374400,434500,0,Low
6.79,9.3,1,0,3.34,0.179,3.13,4.46,558800,409900,1,Medium
6.57,7.9,1,1,3.29,0.175,2.94,4.63,1477800,281400,0,Medium
6.2,13.6,0,0,2.68,0.184,2.77,3.55,7704000,694200,0,Low
7.1,12.1,1,0,2.99,0.24,2.51,3.88,7326400,1036800,0,Low
6.72,4.2,1,1,3.61,0.136,3.31,4.57,103500,32200,1,High
6.7,5.5,1,1,4.07,0.152,3.46,4.78,19500,60700,1,High
7.19,21.0,0,0,2.85,0.323,2.94,4.05,7906500,654500,0,Low
6.74,8.7,1,0,3.23,0.178,3.07,4.58,1545900,428800,1,Medium
6.65,4.8,1,1,4.31,0.124,3.11,4.66,231200,89800,1,High
7.13,20.2,0,0,3.0,0.205,2.39,3.76,2616100,1169200,1,Low
6.69,2.2,1,1,4.75,0.132,3.14,4.78,180300,93400,1,High
6.31,13.5,1,1,2.74,0.25,2.84,3.73,6962500,656900,0,Low
6.28,15.7,0,1,2.84,0.24,2.57,3.97,5353400,422800,1,Low
6.7,2.4,1,1,4.35,0.168,3.2,5.05,193700,82700,1,High
6.67,5.6,1,1,4.73,0.154,3.18,4.8,83700,91700,1,High
6.62,7.0,1,0,3.14,0.188,2.92,4.51,1781200,280200,1,Medium
6.62,10.0,1,1,3.21,0.185,3.1,4.6,1480400,406600,0,Medium
6.69,2.6,1,1,4.73,0.139,3.26,4.69,107700,78600,1,High
6.75,5.8,1,1,4.55,0.126,3.17,4.87,105800,206800,1,High
6.61,3.8,1,1,4.69,0.145,3.41,5.09,112200,233200,1,High
6.97,10.6,0,1,2.83,0.19,2.44,3.88,4501300,334800,0,Low
6.73,9.3,1,1,3.08,0.166,3.15,4.34,1453500,323000,1,Medium
7.06,10.4,0,0,2.94,0.262,2.43,4.36,2065000,896500,0,Low
6.64,4.8,1,1,4.49,0.135,3.22,4.58,216600,63100,1,High
6.93,13.6,0,1,2.38,0.23,2.51,3.84,2327600,427300,1,Low
6.67,2.2,1,1,3.61,0.154,3.41,4.63,83100,196500,1,High
6.74,7.9,1,1,3.17,0.177,3.09,4.56,786800,445300,0,Medium
6.74,7.2,1,1,3.12,0.183,2.87,4.55,1378600,403300,1,Medium
6.42,14.5,0,0,2.48,0.213,2.6,4.03,3516000,842300,1,Low
6.61,3.6,1,1,3.95,0.159,3.42,4.72,61600,237600,1,High
6.55,8.7,1,1,3.27,0.176,2.94,4.31,1103500,416200,1,Medium
6.76,2.6,1,1,4.31,0.166,3.23,4.8,220200,34400,1,High
6.84,7.2,1,0,3.13,0.179,2.98,4.53,610300,387300,1,Medium
6.26,24.5,0,0,2.56,0.205,2.37,3.72,2534900,406600,0,Low
6.8,7.1,0,1,3.1,0.166,3.01,4.42,1557100,286700,1,Medium
6.74,5.5,1,1,4.53,0.124,3.33,4.88,225000,115800,1,High
6.77,6.8,1,1,3.17,0.171,3.0,4.57,1146700,259400,1,Medium
6.37,12.6,0,1,3.08,0.29,2.81,4.27,2851200,1177500,1,Low
6.71,6.2,1,1,3.24,0.163,3.14,4.52,451000,419100,1,Medium
6.51,14.3,0,0,2.44,0.3,2.48,4.35,7550900,522000,0,Low
6.82,7.1,1,1,3.08,0.183,3.07,4.63,486800,341100,1,Medium
6.72,8.0,0,1,3.11,0.185,3.08,4.37,1281200,265600,1,Medium
6.61,4.0,1,1,4.78,0.122,3.24,4.96,192600,28800,1,High
6.62,5.4,1,1,3.4,0.147,3.08,4.74,234300,116200,1,High
6.35,22.4,0,0,2.05,0.195,2.85,3.82,6214900,312800,1,Low
6.95,10.4,0,0,2.57,0.345,2.65,3.82,4141600,836200,1,Low
6.78,9.9,1,1,3.29,0.162,2.94,4.37,1109000,401600,0,Medium
6.33,12.5,1,1,2.37,0.31,2.86,3.89,2245700,562000,0,Low
6.75,9.0,0,1,3.39,0.168,3.04,4.47,843300,250900,1,Medium
6.95,16.0,0,1,2.7,0.184,2.33,3.62,5709600,534800,0,Low
6.76,3.2,1,1,3.64,0.147,3.23,5.12,234900,47800,1,High
6.74,5.8,1,1,3.44,0.127,3.22,4.67,240500,100400,1,High
6.63,9.2,1,1,3.2,0.173,2.85,4.52,1681200,264800,0,Medium
6.97,24.5,0,0,2.12,0.215,2.89,4.13,2814000,735000,0,Low
6.74,7.9,1,1,3.3,0.188,3.12,4.32,843900,398500,0,Medium
7.01,11.6,1,0,2.95,0.326,2.8,3.92,4436400,913300,1,Low
6.73,8.5,1,1,3.19,0.186,3.01,4.42,1941100,287200,1,Medium
6.36,12.2,0,0,2.88,0.303,2.33,3.96,4397000,1022300,0,Low
6.81,7.8,1,1,3.23,0.179,2.86,4.34,1941900,392100,1,Medium
6.72,2.3,1,1,4.55,0.146,3.06,4.97,199400,195900,1,High
6.6,3.0,1,1,4.8,0.163,3.35,4.6,169900,41200,1,High
6.7,6.6,1,0,3.19,0.168,2.89,4.31,1793200,391300,1,Medium
6.63,2.1,1,1,3.51,0.121,3.32,5.19,41100,232800,1,High
6.61,3.8,1,1,3.86,0.145,3.35,5.12,225600,192700,1,High
6.73,4.1,1,1,3.37,0.125,3.25,4.69,200500,69500,1,High
6.63,9.9,0,1,3.39,0.19,2.97,4.59,1764400,339800,1,Medium
7.17,24.9,0,0,2.33,0.288,2.94,3.67,5905100,719500,0,Low
7.04,17.2,0,0,2.24,0.28,2.85,3.54,3092700,957900,0,Low
6.7,3.7,1,1,4.39,0.144,3.18,4.68,18000,22100,1,High
6.83,7.4,1,0,3.27,0.162,2.87,4.37,1353400,306600,1,Medium
6.79,3.8,1,1,3.98,0.139,3.18,4.57,126000,61000,1,High
6.65,8.8,0,1,3.23,0.168,3.01,4.59,908100,352100,1,Medium
6.87,12.0,0,1,2.28,0.185,2.42,3.66,3808000,391400,0,Low
6.8,7.0,0,1,3.12,0.178,3.14,4.58,579200,386700,1,Medium
6.69,9.4,1,1,3.27,0.169,2.93,4.43,687600,269100,0,Medium
6.64,7.4,0,1,3.07,0.168,3.13,4.51,405800,252500,1,Medium
6.79,4.8,1,1,3.83,0.154,3.25,5.03,248900,236800,1,High
6.61,4.2,1,1,3.31,0.134,3.49,4.77,248000,206500,1,High
6.64,7.6,1,1,3.12,0.162,2.95,4.42,1052100,258400,1,Medium
6.68,2.2,1,1,4.38,0.138,3.06,4.59,137700,211300,1,High
6.83,7.2,1,1,3.29,0.163,3.09,4.37,382800,298500,1,Medium
6.7,9.0,1,1,3.31,0.188,2.92,4.32,637800,425600,1,Medium
6.6,2.8,1,1,4.46,0.153,3.07,4.7,178400,22100,1,High
6.26,13.2,0,1,2.06,0.247,2.44,4.11,5449600,559900,0,Low
6.27,19.0,0,0,3.18,0.233,2.73,4.03,4003000,906500,1,Low
7.06,16.7,0,0,2.97,0.324,2.54,3.53,7356400,883900,1,Low
6.63,4.5,1,1,3.65,0.133,3.16,4.89,182500,158700,1,High
6.42,19.2,0,0,2.5,0.223,2.76,3.55,2179600,894300,1,Low
6.83,7.6,0,1,3.09,0.186,3.08,4.35,1081000,394900,1,Medium
6.67,7.5,1,1,3.25,0.183,3.15,4.58,766000,347800,0,Medium
6.23,11.9,0,0,3.02,0.309,2.45,3.67,5411200,464400,1,Low
6.74,3.1,1,1,4.25,0.159,3.44,4.61,293500,128100,1,High
6.8,8.2,1,0,3.29,0.169,2.98,4.42,1818600,296600,1,Medium
6.92,18.1,0,0,2.34,0.247,2.71,4.32,6561400,742200,1,Low
6.73,4.9,1,1,4.31,0.168,3.18,4.68,90200,213700,1,High
6.74,7.2,1,1,3.11,0.165,2.93,4.65,595300,309200,1,Medium
6.79,5.7,1,1,4.32,0.131,3.4,5.06,176300,33800,1,High
6.61,3.8,1,1,3.95,0.134,3.36,4.88,87100,93300,1,High
6.93,22.5,0,0,2.69,0.285,2.49,3.6,2586700,940900,0,Low
7.14,24.4,1,1,3.0,0.338,2.52,4.13,6244100,875700,0,Low
7.04,13.3,0,0,2.85,0.262,2.74,4.38,2020400,669100,0,Low
6.23,22.4,0,0,2.08,0.274,2.45,3.92,6528600,580900,0,Low
6.69,8.9,1,0,3.16,0.171,2.97,4.58,1454900,403300,1,Medium
6.66,6.7,1,0,3.39,0.171,2.87,4.46,1266600,450000,1,Medium
6.73,5.7,1,1,3.97,0.161,3.44,5.19,230000,184800,1,High
6.58,6.7,1,1,3.12,0.167,2.96,4.34,414700,277200,0,Medium
6.8,6.1,1,1,3.12,0.165,3.08,4.58,430600,355300,1,Medium
6.95,12.6,1,1,2.22,0.277,2.3,3.67,3416500,817700,0,Low
6.75,8.4,1,1,3.24,0.182,2.99,4.42,1242800,401700,1,Medium
6.37,18.2,0,0,2.06,0.218,2.56,3.82,2463900,807200,0,Low
7.04,24.5,0,0,3.06,0.299,2.88,3.88,3877900,1117600,1,Low
6.63,2.2,1,1,3.91,0.138,3.21,4.74,284200,61500,1,High
6.64,3.4,1,1,3.69,0.152,3.31,4.65,215000,86500,1,High
6.57,7.4,0,1,3.21,0.164,2.93,4.49,368300,260500,1,Medium
6.61,8.2,0,1,3.08,0.176,3.04,4.58,1175600,420200,1,Medium
6.3,15.5,0,0,2.48,0.309,2.51,4.27,7372300,408400,0,Low
6.7,7.0,0,1,3.24,0.183,3.12,4.54,1902000,302600,1,Medium
6.91,22.3,0,0,2.35,0.291,2.76,4.06,2950900,799700,0,Low
6.76,4.4,1,1,3.69,0.142,3.21,4.98,112300,152500,1,High
6.64,2.4,1,1,3.99,0.158,3.39,4.89,271900,166100,1,High
6.69,6.8,0,1,3.26,0.167,2.92,4.56,1563800,288500,1,Medium
6.74,7.5,1,1,3.37,0.174,3.02,4.47,1815000,334800,0,Medium
7.03,10.4,1,0,2.56,0.258,2.94,4.03,6572900,404100,0,Low
6.62,4.7,1,1,4.23,0.125,3.44,4.66,166200,160100,1,High
6.52,20.8,1,1,2.47,0.195,2.31,4.36,6755000,993400,0,Low
6.69,2.3,1,1,4.4,0.144,3.47,4.76,107100,207300,1,High
6.44,17.1,1,1,2.92,0.273,2.38,3.53,2616600,368900,0,Low
6.6,6.6,1,1,3.21,0.169,2.92,4.51,1774300,359600,0,Medium
6.63,5.5,1,1,4.41,0.154,3.35,4.82,115500,138400,1,High
6.79,9.8,1,1,3.27,0.162,2.95,4.47,1376600,412900,1,Medium
6.26,11.3,0,0,2.98,0.33,2.69,4.32,7007000,1181000,0,Low
6.35,22.2,1,0,2.78,0.252,2.44,4.08,3010700,699000,0,Low
6.69,5.7,1,1,3.76,0.153,3.26,5.1,204700,26000,1,High
6.79,5.6,1,1,3.4,0.123,3.18,4.79,97700,164400,1,High
7.03,13.5,1,1,2.54,0.271,2.54,4.28,4027200,838300,0,Low
6.74,5.6,1,1,4.53,0.167,3.24,4.74,261400,29800,1,High
6.78,6.9,1,1,3.06,0.18,3.13,4.56,1309500,442300,1,Medium
6.87,16.0,0,0,2.28,0.246,2.46,4.16,4123000,990600,0,Low
6.69,9.8,1,1,3.28,0.184,3.04,4.3,1981200,314700,1,Medium
6.75,3.1,1,1,4.04,0.168,3.09,5.03,85700,176400,1,High
6.8,7.3,1,0,3.1,0.177,2.99,4.63,910200,318800,1,Medium
6.59,7.0,1,0,3.17,0.165,2.9,4.55,1854500,360200,1,Medium
6.69,4.3,1,1,4.19,0.13,3.08,4.71,40700,230700,1,High
7.01,15.8,0,0,2.86,0.215,2.34,4.37,2591300,786100,0,Low
6.54,24.8,0,1,2.08,0.254,2.7,4.06,6653700,740400,0,Low
6.34,15.7,1,0,2.35,0.297,2.53,4.36,3645900,747900,1,Low
6.45,15.8,0,0,2.81,0.33,2.58,3.66,3677200,573700,1,Low
6.99,19.6,0,0,2.11,0.194,2.63,4.15,4046600,868200,1,Low
6.61,9.6,1,0,3.13,0.185,3.11,4.41,940500,341000,1,Medium
7.01,14.6,0,0,3.03,0.258,2.48,3.83,4830000,941500,1,Low
6.67,8.6,1,1,3.07,0.16,2.99,4.64,1990600,405500,0,Medium
6.82,7.1,1,1,3.37,0.168,3.12,4.54,1698900,374100,0,Medium
6.73,6.6,0,1,3.39,0.177,2.86,4.58,883700,449400,1,Medium
6.46,17.9,0,1,2.26,0.277,2.32,4.22,4135700,760100,1,Low
6.26,16.4,0,1,2.71,0.182,2.73,3.69,7019500,854100,1,Low
6.67,7.3,1,1,3.23,0.174,2.91,4.45,1702700,381800,0,Medium
7.14,18.9,1,0,2.6,0.213,2.41,4.24,5485000,383000,1,Low
6.29,23.5,0,1,2.05,0.2,2.78,4.2,4496200,476900,1,Low
6.56,8.5,1,1,3.13,0.161,2.89,4.49,627500,279100,0,Medium
6.61,8.4,1,0,3.21,0.16,2.89,4.31,1348300,311900,1,Medium
6.73,6.7,0,1,3.33,0.165,2.88,4.39,1752000,401900,1,Medium
6.7,5.4,1,1,4.66,0.151,3.49,4.83,291100,233100,1,High
7.06,18.1,0,0,2.04,0.232,2.56,3.52,6184400,899500,0,Low
6.41,16.0,0,0,2.16,0.299,2.77,4.34,3367200,866600,0,Low
6.73,8.8,1,1,3.08,0.177,3.0,4.33,1798700,358900,1,Medium
6.72,4.3,1,1,3.58,0.127,3.36,4.74,278000,77300,1,High
6.73,6.7,1,1,3.08,0.171,2.92,4.32,1751600,399600,1,Medium
6.63,6.5,1,1,3.33,0.19,3.09,4.55,667800,302300,1,Medium
6.84,7.2,1,1,3.31,0.185,3.06,4.45,1636900,380500,1,Medium
6.73,3.4,1,1,3.71,0.157,3.24,4.96,267300,54500,1,High
6.26,11.4,1,0,2.26,0.333,2.64,3.61,4778800,386400,0,Low
6.74,5.1,1,1,4.43,0.147,3.07,5.19,74300,62500,1,High
6.68,3.5,1,1,3.9,0.146,3.4,5.02,224800,190700,1,High
7.03,15.7,0,1,3.17,0.303,2.71,3.6,7910600,548200,0,Low
6.46,24.0,1,0,2.52,0.252,2.53,3.95,6141700,1002600,1,Low
6.38,11.0,0,1,2.15,0.208,2.45,3.75,3123600,626400,0,Low
6.45,20.4,1,0,2.46,0.259,2.65,3.95,5541100,929000,0,Low
6.72,8.4,1,0,3.16,0.18,2.93,4.5,1694100,355400,1,Medium
6.76,5.1,1,1,3.3,0.141,3.33,4.99,135400,243200,1,High
6.68,3.9,1,1,4.5,0.147,3.16,4.57,271000,199200,1,High
6.76,4.7,1,1,3.85,0.14,3.29,4.87,86000,195200,1,High
6.78,9.3,1,0,3.36,0.177,3.04,4.61,945200,354100,1,Medium
6.79,8.5,0,1,3.23,0.161,2.94,4.32,669200,349200,1,Medium
6.66,4.8,1,1,3.99,0.134,3.39,5.15,90200,32900,1,High
7.15,13.6,1,0,2.52,0.275,2.9,4.3,2002400,1120600,0,Low
7.16,23.7,0,0,3.02,0.311,2.93,3.9,3459400,690600,0,Low
6.78,5.9,1,1,4.03,0.151,3.08,4.62,168500,56400,1,High
6.77,6.2,1,1,3.29,0.184,3.02,4.4,836800,317500,1,Medium
6.4,14.8,0,0,2.7,0.296,2.35,4.2,6253300,709500,0,Low
6.74,8.2,1,1,3.16,0.178,2.89,4.45,681000,299300,1,Medium
6.68,8.4,1,1,3.31,0.174,2.97,4.58,1422800,384200,0,Medium
6.71,7.1,1,1,3.25,0.19,2.97,4.3,915600,439500,0,Medium
6.76,7.5,1,1,3.39,0.166,3.07,4.44,1464000,390300,1,Medium
7.04,11.2,0,1,2.46,0.217,2.4,4.33,3100400,1178500,1,Low
6.82,7.9,1,0,3.21,0.171,2.92,4.4,1253600,275300,1,Medium
7.11,20.4,0,0,2.77,0.183,2.7,3.96,7292000,691100,0,Low
6.79,9.5,1,1,3.17,0.185,3.08,4.38,1095000,425700,0,Medium
6.63,9.9,1,1,3.26,0.182,3.13,4.52,1848600,350100,0,Medium
6.55,9.1,1,1,3.08,0.182,2.95,4.48,1360200,449700,1,Medium
7.05,23.8,0,0,3.09,0.295,2.41,3.94,5429000,701200,1,Low
6.76,8.4,1,1,3.24,0.17,3.14,4.44,1777800,300500,0,Medium
6.78,2.2,1,1,4.39,0.141,3.2,4.93,106300,57400,1,High
6.98,19.8,1,0,2.57,0.234,2.73,4.27,2040700,1020800,1,Low
6.65,4.4,1,1,4.3,0.157,3.32,4.94,230400,28200,1,High
6.84,6.9,1,1,3.25,0.183,2.86,4.54,559900,409500,1,Medium
6.36,22.5,0,0,2.37,0.188,2.88,3.89,5426300,1114500,0,Low
6.4,13.6,1,0,2.26,0.343,2.8,3.59,6760500,386500,0,Low
6.61,2.5,1,1,3.81,0.169,3.23,5.19,166200,89300,1,High
7.2,24.7,0,1,2.66,0.281,2.94,4.19,2809600,592100,1,Low
6.6,6.4,0,1,3.35,0.162,2.98,4.49,528300,414300,1,Medium
6.62,9.3,1,1,3.38,0.168,3.15,4.57,1551300,276200,0,Medium
7.1,14.7,0,0,2.32,0.272,2.9,4.34,3269100,833200,1,Low
6.8,8.7,1,1,3.36,0.171,2.93,4.53,1924600,395500,1,Medium
6.68,7.7,1,0,3.12,0.187,3.06,4.35,1515900,322200,1,Medium
6.77,4.8,1,1,4.48,0.15,3.47,4.66,222600,31400,1,High
6.99,23.7,0,0,2.63,0.246,2.63,4.24,7530600,349400,0,Low
6.74,9.7,1,1,3.14,0.188,3.05,4.39,1588000,263600,1,Medium
6.65,7.7,0,1,3.16,0.184,3.0,4.52,412300,307600,1,Medium
6.95,20.6,0,0,2.3,0.298,2.76,3.87,5353800,377600,0,Low
6.2,14.4,0,1,2.49,0.332,2.77,4.11,2623400,1114800,0,Low
6.68,4.9,1,1,3.51,0.131,3.41,5.06,26100,55400,1,High
6.98,21.9,1,0,2.04,0.257,2.75,3.95,5742200,872500,1,Low
6.75,3.9,1,1,3.99,0.139,3.29,4.72,125000,141500,1,High
6.79,9.1,0,1,3.27,0.169,3.11,4.33,870000,336900,1,Medium
6.69,4.5,1,1,3.95,0.147,3.23,5.19,101600,35900,1,High
7.18,11.6,1,1,2.62,0.282,2.78,4.26,6464400,472900,0,Low
6.71,7.9,0,1,3.23,0.174,2.95,4.6,395100,414200,1,Medium
6.99,12.5,0,1,3.18,0.297,2.79,4.07,2815100,700700,1,Low
6.66,7.0,1,1,3.38,0.185,2.94,4.42,1332600,379100,1,Medium
6.79,5.5,1,1,4.57,0.149,3.19,5.18,144800,30900,1,High
6.95,24.0,0,1,2.21,0.322,2.89,4.08,6427000,920400,0,Low
6.98,19.3,0,0,2.14,0.209,2.79,4.23,3322900,834100,0,Low
6.68,5.2,1,1,4.55,0.128,3.17,4.96,62000,125600,1,High
6.64,7.1,1,0,3.09,0.187,2.98,4.38,916500,406700,1,Medium
6.59,7.5,1,1,3.15,0.16,2.9,4.53,1014200,343700,1,Medium
6.76,9.8,1,1,3.34,0.187,3.13,4.53,418900,378000,1,Medium
7.02,17.5,1,0,2.99,0.23,2.65,3.89,6699700,1034600,0,Low
6.8,7.4,0,1,3.32,0.187,3.07,4.43,924400,343700,1,Medium
6.46,18.1,0,0,2.22,0.344,2.57,4.18,3184800,941700,0,Low
6.64,8.0,1,1,3.34,0.164,2.95,4.46,1295600,415200,1,Medium
6.33,12.1,0,0,2.9,0.304,2.83,3.61,2794500,963300,0,Low
6.91,12.5,1,0,2.41,0.259,2.83,4.33,6010600,386200,0,Low
7.09,22.5,0,1,2.99,0.337,2.82,4.39,6222500,775200,0,Low
6.78,7.6,1,1,3.23,0.182,3.0,4.61,1283300,347400,0,Medium
6.48,15.1,0,1,2.29,0.243,2.65,3.99,7091500,669000,0,Low
7.09,22.1,0,0,2.79,0.298,2.38,4.17,7903100,982000,0,Low
6.51,18.4,1,0,2.61,0.265,2.53,3.72,3937100,567800,0,Low
6.72,6.3,1,1,3.27,0.181,2.86,4.5,1848000,419900,1,Medium
6.86,19.8,0,0,2.01,0.239,2.94,4.34,2467600,318900,0,Low
6.64,5.4,1,1,4.11,0.138,3.49,4.67,180000,112100,1,High
7.17,12.0,0,0,2.35,0.344,2.73,4.35,5112500,989200,0,Low
6.65,4.6,1,1,4.35,0.144,3.17,5.17,112400,35900,1,High
6.82,6.4,0,1,3.23,0.184,3.02,4.53,1680000,354800,1,Medium
6.66,8.9,0,1,3.23,0.162,2.99,4.63,971800,281200,1,Medium
6.72,8.4,0,1,3.34,0.184,3.0,4.3,616800,323000,1,Medium
6.61,7.7,1,1,3.1,0.175,3.08,4.4,1963500,422100,1,Medium
6.66,2.4,1,1,3.41,0.131,3.33,4.83,106900,130100,1,High
6.31,16.9,0,1,3.0,0.294,2.52,4.23,2203600,671700,0,Low
7.04,21.2,0,0,2.87,0.212,2.36,4.29,7840500,671600,1,Low
6.68,5.1,1,1,4.09,0.161,3.41,4.72,215500,184600,1,High
6.78,9.6,1,0,3.36,0.182,2.94,4.55,1826500,277100,1,Medium
6.63,4.5,1,1,4.5,0.149,3.33,4.88,25000,50000,1,High
6.71,5.6,1,1,4.45,0.138,3.06,4.96,286200,178700,1,High
6.55,6.8,1,1,3.35,0.186,2.98,4.46,1372200,441700,0,Medium
6.22,18.1,1,1,2.37,0.265,2.78,3.53,4537500,639700,0,Low
6.95,20.8,0,0,2.83,0.301,2.44,4.09,4128800,473800,0,Low
6.79,5.5,1,1,3.43,0.157,3.23,4.55,92600,195300,1,High
6.79,2.1,1,1,3.58,0.147,3.34,4.95,142500,45100,1,High
6.6,8.1,0,1,3.06,0.177,2.99,4.52,569600,404900,1,Medium
6.6,9.3,1,1,3.12,0.186,3.04,4.42,1267400,435300,0,Medium
6.8,3.3,1,1,4.76,0.146,3.42,4.73,170400,208500,1,High
6.48,23.0,0,1,2.66,0.276,2.39,3.78,2092600,328600,0,Low
6.29,18.3,1,0,2.62,0.204,2.66,4.23,5347200,669000,1,Low
6.41,20.4,0,1,3.02,0.226,2.34,3.68,6157800,995000,1,Low
6.64,2.6,1,1,3.54,0.137,3.3,5.05,161100,178600,1,High
6.7,7.2,1,1,3.12,0.175,3.0,4.48,1782600,397900,1,Medium
7.06,17.2,0,0,2.81,0.253,2.45,3.78,7066600,1112800,0,Low
6.39,10.2,1,0,3.02,0.279,2.86,3.76,3201500,1056700,0,Low
6.61,4.6,1,1,4.42,0.166,3.25,4.92,146400,101400,1,High
6.83,6.8,0,1,3.3,0.163,2.91,4.57,1695300,271100,1,Medium
6.75,7.0,1,1,3.17,0.164,3.08,4.39,316100,312300,0,Medium
7.07,22.4,0,1,3.14,0.306,2.46,3.54,2075800,950600,0,Low
6.78,9.6,1,1,3.15,0.182,2.99,4.34,718400,337900,0,Medium
6.4,20.5,0,0,2.39,0.263,2.39,3.51,6621000,664100,0,Low
6.75,2.5,1,1,4.06,0.167,3.16,4.8,165400,61300,1,High
6.62,2.8,1,1,4.41,0.141,3.17,5.0,167800,39100,1,High
6.69,5.9,1,1,3.76,0.148,3.38,4.65,205200,118900,1,High
6.38,23.9,1,1,3.06,0.281,2.8,4.11,6050400,1157900,0,Low
7.19,21.4,0,1,2.21,0.203,2.51,3.5,5064800,1128500,0,Low
6.61,8.1,0,1,3.28,0.184,3.03,4.39,1149800,378500,1,Medium
7.11,22.3,1,0,2.41,0.188,2.53,3.77,5885900,988500,1,Low
6.7,2.4,1,1,3.67,0.122,3.36,5.08,26800,104700,1,High
6.64,3.8,1,1,4.17,0.15,3.08,4.69,75500,108500,1,High
6.66,2.6,1,1,4.46,0.163,3.23,4.91,290500,163800,1,High
6.6,3.1,1,1,3.34,0.148,3.39,4.98,105400,125900,1,High
6.74,3.5,1,1,3.95,0.146,3.34,4.76,270100,57600,1,High
6.74,4.3,1,1,4.4,0.155,3.06,4.64,186600,75300,1,High
6.41,18.2,0,0,2.71,0.244,2.82,3.8,6848900,783900,1,Low
7.03,22.3,1,1,2.7,0.29,2.54,4.11,7879200,806200,0,Low
6.68,4.8,1,1,4.19,0.151,3.44,4.82,176100,111600,1,High
6.7,2.6,1,1,4.59,0.138,3.32,4.79,269600,183300,1,High
6.48,13.2,0,0,2.83,0.293,2.34,3.55,2921500,752100,0,Low
6.63,5.5,1,1,3.81,0.132,3.38,5.16,151200,231100,1,High
6.65,9.9,1,1,3.25,0.187,2.96,4.6,1130700,297100,0,Medium
6.7,2.3,1,1,3.88,0.165,3.06,4.95,298900,215100,1,High
6.75,5.1,1,1,4.56,0.158,3.09,5.16,24600,190400,1,High
6.44,24.1,0,1,2.37,0.244,2.53,3.52,5151800,466900,0,Low
6.75,4.8,1,1,4.03,0.154,3.32,4.96,146200,230100,1,High
6.64,6.4,1,1,3.39,0.18,2.87,4.57,1097800,312100,0,Medium
6.73,3.2,1,1,4.63,0.14,3.25,5.19,219400,204400,1,High
6.75,3.9,1,1,4.2,0.137,3.18,4.99,220600,172900,1,High
6.93,22.5,0,0,2.42,0.233,2.63,3.57,6317100,1093000,0,Low
6.66,9.6,1,1,3.13,0.178,2.87,4.46,981300,286900,1,Medium
6.44,23.4,0,0,2.07,0.318,2.44,3.62,4924800,313600,0,Low
6.75,3.6,1,1,4.66,0.165,3.4,4.69,99300,27100,1,High
6.77,5.1,1,1,4.24,0.127,3.25,4.74,223600,69300,1,High
6.66,5.5,1,1,3.91,0.136,3.06,4.95,195600,229100,1,High
6.7,6.7,1,1,3.16,0.164,2.92,4.47,1282500,401200,1,Medium
6.73,5.6,1,1,3.8,0.122,3.32,4.83,284300,213000,1,High
6.66,5.7,1,1,3.92,0.121,3.38,4.96,231700,194400,1,High
6.58,9.3,1,1,3.23,0.162,2.97,4.53,1475300,329400,1,Medium
6.87,23.6,0,0,3.16,0.317,2.56,4.09,2052700,510400,0,Low
6.67,3.2,1,1,3.62,0.134,3.09,4.88,104000,167000,1,High
6.21,20.5,0,0,2.51,0.287,2.89,4.2,4541200,791800,0,Low
6.68,3.8,1,1,3.78,0.132,3.17,4.97,156000,228200,1,High
6.82,9.1,1,0,3.07,0.163,3.09,4.4,390800,268300,1,Medium
6.61,3.8,1,1,4.36,0.121,3.47,4.96,129300,171900,1,High
7.05,21.9,0,1,2.43,0.225,2.41,4.0,6342800,534800,1,Low
7.12,16.8,0,0,2.23,0.322,2.42,3.55,5315800,1144300,1,Low
6.78,2.6,1,1,3.81,0.131,3.5,4.78,150600,242400,1,High
6.79,5.8,1,1,4.49,0.162,3.49,4.8,75600,173800,1,High
6.65,9.9,1,1,3.07,0.162,3.03,4.52,1081800,305200,1,Medium
6.33,19.7,0,1,2.05,0.312,2.85,4.02,4078400,438500,1,Low
6.87,16.4,0,1,2.23,0.275,2.82,3.6,2408500,758300,1,Low
6.73,5.3,1,1,3.82,0.132,3.42,4.67,132200,209700,1,High
6.71,4.8,1,1,3.98,0.137,3.23,4.83,13800,245500,1,High
6.72,5.9,1,1,4.34,0.129,3.16,5.02,289400,119300,1,High
6.77,2.8,1,1,4.14,0.151,3.42,5.03,120500,55200,1,High
6.6,7.8,0,1,3.3,0.185,2.97,4.53,342000,448000,1,Medium
6.69,5.6,1,1,4.1,0.136,3.07,4.83,241400,126400,1,High
6.66,3.4,1,1,4.22,0.156,3.18,4.85,182400,169200,1,High
6.61,3.2,1,1,3.52,0.133,3.48,5.05,59400,87400,1,High
6.61,4.4,1,1,4.58,0.167,3.39,5.06,249700,99800,1,High
6.7,5.9,1,1,4.63,0.13,3.12,4.68,76700,55200,1,High
7.16,22.6,0,0,2.02,0.288,2.7,3.76,7896800,1037600,0,Low
6.58,7.6,1,1,3.26,0.185,3.11,4.41,1945000,398800,0,Medium
6.57,7.5,1,1,3.17,0.165,2.92,4.35,592700,387300,1,Medium
6.31,20.1,1,0,2.92,0.304,2.69,4.27,5668700,370100,1,Low
6.71,8.0,1,1,3.2,0.178,3.0,4.37,1872000,381300,1,Medium
6.43,24.9,0,1,2.88,0.184,2.39,3.91,3781900,518100,1,Low
6.6,2.6,1,1,4.01,0.147,3.47,4.92,232500,247900,1,High
6.72,4.7,1,1,4.71,0.153,3.38,5.18,242900,117600,1,High
6.98,19.4,1,0,2.25,0.229,2.88,4.07,2393900,1081300,1,Low
6.58,7.6,1,1,3.34,0.175,2.98,4.62,865600,260100,1,Medium
6.86,13.5,0,1,2.74,0.287,2.85,3.8,7688500,642100,0,Low
7.08,11.0,1,0,2.54,0.344,2.89,3.75,7154500,1046900,1,Low
6.57,7.9,1,1,3.32,0.18,3.02,4.47,1031800,326700,1,Medium
6.65,9.7,1,1,3.36,0.186,3.01,4.38,1057300,398700,1,Medium
6.74,4.2,1,1,3.41,0.151,3.16,5.01,73900,104100,1,High
6.78,6.1,0,1,3.34,0.167,2.95,4.44,1537500,436300,1,Medium
6.66,4.0,1,1,4.74,0.137,3.44,4.9,282900,83000,1,High
6.63,4.5,1,1,3.64,0.168,3.19,4.73,261100,166200,1,High
7.0,18.4,1,0,2.38,0.203,2.7,3.91,7184700,776800,0,Low
6.7,8.5,1,0,3.07,0.166,3.1,4.45,448300,418200,1,Medium
6.69,4.0,1,1,3.55,0.165,3.07,5.05,205400,198700,1,High
7.06,11.8,0,1,3.08,0.23,2.38,4.34,5456400,1070700,0,Low
6.77,4.1,1,1,3.87,0.169,3.37,4.78,37400,150900,1,High
6.78,8.0,0,1,3.4,0.164,3.0,4.33,788900,305000,1,Medium
6.58,9.5,1,1,3.25,0.173,2.93,4.57,1277300,313300,1,Medium
7.14,10.3,0,1,2.37,0.305,2.45,4.16,3039900,557100,0,Low
6.41,16.1,0,0,2.35,0.184,2.8,3.97,6044800,634900,0,Low
6.8,9.2,1,1,3.06,0.171,2.93,4.64,1382000,343600,1,Medium
7.19,12.6,1,0,2.09,0.227,2.38,4.3,6725600,747900,0,Low
6.34,18.7,1,0,2.4,0.298,2.33,4.1,4242900,1029200,0,Low
6.77,4.0,1,1,3.33,0.165,3.46,4.82,169500,118000,1,High
6.67,4.5,1,1,4.29,0.168,3.37,5.11,288000,218000,1,High
6.8,5.8,1,1,3.94,0.146,3.4,4.85,166900,154800,1,High
6.7,4.2,1,1,3.62,0.123,3.23,4.85,37700,87600,1,High
6.64,6.2,1,1,3.35,0.183,3.1,4.49,389800,319200,1,Medium
6.26,14.4,0,1,2.59,0.295,2.6,3.55,2717400,522100,0,Low
6.72,8.3,1,0,3.11,0.166,3.08,4.45,1084100,381600,1,Medium
7.05,10.9,0,0,2.59,0.186,2.37,4.34,7323700,789300,1,Low
6.72,2.2,1,1,3.87,0.141,3.23,4.84,267900,239500,1,High
6.28,23.3,0,0,2.89,0.291,2.32,4.14,7588400,883000,0,Low
6.84,7.4,1,1,3.3,0.18,3.08,4.31,1663700,294300,0,Medium
6.76,2.5,1,1,3.74,0.166,3.35,5.03,12200,147300,1,High
6.34,19.4,1,1,2.9,0.34,2.63,3.94,7249600,415600,0,Low
7.03,20.2,0,1,2.06,0.28,2.34,3.83,5636300,747100,0,Low
6.78,5.1,1,1,3.94,0.169,3.39,4.76,138300,173300,1,High
6.36,13.6,0,0,2.88,0.21,2.33,3.54,5961400,897800,1,Low
7.16,10.5,0,0,2.91,0.337,2.68,4.1,4652200,721000,0,Low
6.34,18.9,1,0,2.61,0.284,2.61,4.37,2976700,413800,0,Low
6.63,4.6,1,1,4.67,0.169,3.13,4.62,26100,83100,1,High
6.73,5.6,1,1,4.09,0.154,3.14,5.1,234000,174600,1,High
6.78,2.8,1,1,3.49,0.156,3.07,4.93,266900,158900,1,High
6.38,10.4,1,0,2.44,0.335,2.94,4.4,3438900,776300,0,Low
6.48,12.5,1,1,2.41,0.253,2.75,3.76,2610100,477000,0,Low
7.0,24.0,1,0,2.94,0.326,2.75,4.36,7228000,565200,0,Low
6.4,15.3,1,0,2.48,0.223,2.42,4.13,2291800,1102300,1,Low
6.2,24.3,0,0,2.39,0.328,2.79,3.74,5051800,699700,0,Low
6.61,4.8,1,1,3.9,0.12,3.07,4.88,203200,55100,1,High
6.8,9.5,1,1,3.16,0.172,3.05,4.31,795300,393300,1,Medium
6.61,5.1,1,1,4.58,0.123,3.07,4.66,168700,174500,1,High
6.6,8.5,0,1,3.2,0.19,3.12,4.51,1474200,336900,1,Medium
6.82,7.1,1,1,3.29,0.165,3.13,4.33,909400,353800,0,Medium
6.65,2.1,1,1,3.99,0.155,3.14,4.82,202300,175300,1,High
6.74,7.7,1,1,3.39,0.175,3.13,4.59,1015200,366500,0,Medium
6.65,8.2,1,1,3.19,0.175,3.02,4.38,1719900,382000,1,Medium
6.64,9.8,1,0,3.27,0.169,2.85,4.55,1864900,432200,1,Medium
6.68,9.6,0,1,3.33,0.189,3.15,4.38,1653200,416800,1,Medium
6.69,3.0,1,1,4.22,0.131,3.23,5.05,37200,111500,1,High
6.63,7.6,1,1,3.15,0.169,2.89,4.48,1695300,329200,1,Medium
6.38,19.2,1,0,2.68,0.323,2.43,3.52,2287500,1065100,0,Low
6.68,4.4,1,1,3.38,0.17,3.45,5.04,286100,214600,1,High
6.82,9.5,1,0,3.35,0.167,3.14,4.53,726400,399600,1,Medium
6.73,4.7,1,1,4.69,0.146,3.17,4.79,178100,192900,1,High
6.77,7.9,1,0,3.25,0.16,2.88,4.32,1147700,365500,1,Medium
6.64,9.5,1,0,3.19,0.18,3.02,4.45,585900,446000,1,Medium
6.23,10.2,0,1,2.75,0.189,2.33,3.54,4507500,1008900,0,Low
6.64,8.6,1,1,3.33,0.181,2.92,4.55,1877500,273100,1,Medium
6.5,16.1,1,1,2.88,0.263,2.66,4.02,4052800,836900,0,Low
6.52,13.8,1,1,2.86,0.262,2.49,4.06,4239100,1042000,0,Low
7.03,23.1,1,0,3.05,0.226,2.54,4.27,3257500,772500,0,Low
6.76,2.9,1,1,4.67,0.165,3.15,4.86,16200,182700,1,High
6.63,4.6,1,1,4.22,0.124,3.15,4.83,158100,135300,1,High
6.77,3.2,1,1,4.11,0.165,3.13,4.81,113400,164400,1,High
7.02,15.3,0,1,2.8,0.214,2.92,3.63,7198500,997700,0,Low
6.52,23.4,0,1,2.72,0.324,2.61,3.56,3130700,365200,0,Low
6.69,6.8,1,1,3.34,0.168,3.13,4.5,668500,427100,0,Medium
6.68,7.3,1,0,3.23,0.167,2.93,4.59,1361000,415700,1,Medium
6.77,3.3,1,1,3.52,0.159,3.19,4.88,231100,203200,1,High
6.65,8.8,1,0,3.25,0.18,2.95,4.33,349700,322000,1,Medium
6.75,4.0,1,1,3.83,0.127,3.46,5.13,199200,147800,1,High
6.66,5.3,1,1,3.47,0.12,3.36,4.75,71700,62500,1,High
6.74,3.1,1,1,4.22,0.164,3.26,4.81,113200,233100,1,High
6.64,8.5,1,1,3.22,0.181,3.0,4.43,532100,303500,0,Medium
6.62,3.2,1,1,4.14,0.121,3.26,5.12,174500,73700,1,High
6.79,4.3,1,1,4.5,0.155,3.24,4.64,283300,249100,1,High
6.8,2.6,1,1,3.61,0.134,3.47,4.95,34600,240800,1,High
6.77,5.8,1,1,3.9,0.157,3.23,4.8,116300,147200,1,High
6.8,3.8,1,1,3.87,0.158,3.27,4.95,122000,175000,1,High
6.68,3.4,1,1,3.68,0.159,3.16,4.55,44100,64100,1,High
6.48,10.3,0,0,2.95,0.333,2.71,4.32,7606100,1186000,1,Low
6.96,18.5,1,0,2.06,0.199,2.39,4.38,7829700,856800,1,Low
6.95,22.6,0,1,2.66,0.325,2.87,4.0,4459600,920900,1,Low
6.65,2.3,1,1,4.15,0.157,3.08,4.78,20900,215700,1,High
6.7,5.1,1,1,4.33,0.159,3.31,5.06,104100,154300,1,High
6.56,6.6,1,1,3.11,0.183,3.03,4.57,1287300,399300,1,Medium
6.65,7.3,0,1,3.3,0.166,2.91,4.63,1394400,346000,1,Medium
6.77,6.8,0,1,3.1,0.166,2.99,4.64,1040500,318500,1,Medium
6.7,2.4,1,1,4.1,0.146,3.35,4.6,257700,22900,1,High
6.63,7.0,0,1,3.23,0.166,3.14,4.48,1004400,276700,1,Medium
6.72,4.0,1,1,3.47,0.154,3.29,4.66,153000,246200,1,High
6.79,5.5,1,1,3.5,0.163,3.35,4.78,267400,133800,1,High
6.66,4.7,1,1,3.71,0.132,3.49,4.84,12000,204600,1,High
6.76,4.4,1,1,3.71,0.153,3.07,4.61,27000,131100,1,High
6.98,16.5,0,1,2.24,0.317,2.84,3.55,7957600,599000,0,Low
6.63,5.8,1,1,3.6,0.161,3.29,5.04,123700,123700,1,High
7.07,11.1,1,0,3.08,0.26,2.48,4.33,5956000,349600,0,Low
6.86,19.9,0,1,2.5,0.241,2.83,3.61,7921600,910600,0,Low
6.88,17.6,0,1,2.22,0.267,2.58,3.85,7610600,623100,0,Low
6.63,4.1,1,1,3.71,0.156,3.16,4.99,54500,137400,1,High
7.06,10.7,0,0,3.03,0.29,2.93,4.36,2458500,1020000,1,Low
6.76,3.4,1,1,4.42,0.141,3.19,5.14,235500,234000,1,High
6.69,4.8,1,1,3.72,0.163,3.36,4.75,295700,49400,1,High
6.22,20.8,0,1,2.61,0.266,2.48,4.21,7655900,307100,0,Low
6.65,9.1,1,1,3.19,0.185,3.08,4.38,1301700,377100,1,Medium
6.69,2.6,1,1,3.85,0.162,3.22,5.12,256100,105500,1,High
6.71,2.0,1,1,4.7,0.164,3.25,4.76,284300,120300,1,High
6.64,9.7,1,1,3.2,0.162,3.1,4.45,1853700,398300,0,Medium
6.71,7.0,1,1,3.12,0.183,3.03,4.35,1972600,393500,1,Medium
6.6,8.7,0,1,3.35,0.172,2.86,4.39,1451100,331800,1,Medium
6.74,5.2,1,1,4.78,0.166,3.44,4.7,91300,118000,1,High
7.19,24.3,1,0,2.28,0.251,2.39,3.95,2609900,698600,1,Low
6.72,3.0,1,1,4.42,0.152,3.34,5.2,25500,225200,1,High
6.37,13.4,1,0,2.31,0.185,2.53,4.27,4188500,550800,1,Low
7.04,23.7,1,0,2.77,0.264,2.94,3.74,5681100,1148700,0,Low
7.12,22.2,1,1,2.23,0.264,2.88,3.83,7935900,654900,0,Low
6.76,5.4,1,1,3.94,0.123,3.2,4.96,118000,71300,1,High
6.38,20.9,1,0,3.19,0.276,2.63,3.98,7222400,1070500,0,Low
6.35,19.8,1,1,2.27,0.299,2.35,4.12,6421200,988500,0,Low
6.63,4.8,1,1,4.26,0.159,3.14,5.09,101200,99700,1,High
7.01,15.9,1,0,2.64,0.185,2.63,4.02,4875900,740400,0,Low
6.6,2.3,1,1,3.91,0.165,3.23,4.71,165300,200800,1,High
6.67,3.7,1,1,4.09,0.167,3.34,5.11,139000,166400,1,High
6.96,10.7,0,0,2.73,0.283,2.85,3.87,3677300,718900,0,Low
6.6,7.5,1,1,3.31,0.175,2.88,4.54,984400,396900,1,Medium
6.34,18.2,1,0,2.52,0.27,2.47,3.98,5874300,1157400,0,Low
6.76,6.7,1,1,3.12,0.182,2.86,4.61,1854600,274500,1,Medium
6.72,9.7,1,1,3.26,0.175,3.1,4.52,1013100,255900,1,Medium
6.72,2.7,1,1,4.18,0.135,3.49,5.17,273700,244100,1,High
6.67,7.3,1,1,3.32,0.186,3.05,4.41,1051200,439200,0,Medium
6.48,18.1,0,0,2.88,0.264,2.53,4.04,2006500,396000,0,Low
6.47,24.9,0,0,2.01,0.223,2.94,4.15,6705900,464000,0,Low
6.71,7.4,1,1,3.26,0.172,3.1,4.52,1206100,304300,1,Medium
6.3,22.4,0,1,2.55,0.287,2.9,3.83,4053700,764600,0,Low
6.69,6.0,1,1,3.69,0.166,3.49,4.92,46900,56600,1,High
6.66,5.6,1,1,4.58,0.157,3.38,4.92,186600,191100,1,High
6.78,8.1,1,1,3.08,0.175,2.93,4.6,1103400,276500,1,Medium
6.77,9.5,1,1,3.16,0.179,2.95,4.51,1968600,321300,1,Medium
6.8,9.5,0,1,3.35,0.163,2.91,4.44,637000,382900,1,Medium
6.61,7.5,1,1,3.32,0.171,3.0,4.37,541200,397200,1,Medium
6.72,2.0,1,1,3.87,0.124,3.29,5.05,59000,151300,1,High
6.91,17.9,0,0,2.1,0.215,2.64,3.74,2871800,1056800,0,Low
6.7,2.1,1,1,4.41,0.123,3.3,4.97,183000,136000,1,High
6.62,9.4,1,0,3.29,0.171,3.13,4.35,1031500,416300,1,Medium
6.75,9.2,1,1,3.24,0.178,2.93,4.42,1135600,255400,0,Medium
6.65,9.6,1,1,3.07,0.178,3.08,4.51,1763500,283600,1,Medium
6.83,6.5,0,1,3.33,0.162,2.99,4.3,1606700,255900,1,Medium
6.24,18.6,1,1,2.49,0.186,2.73,4.31,2996300,370600,0,Low
7.03,10.2,1,0,2.3,0.186,2.68,3.63,7777500,754500,0,Low
6.96,12.6,0,0,2.77,0.204,2.37,3.88,7440700,342800,0,Low
6.77,2.2,1,1,3.65,0.131,3.39,5.16,204200,206700,1,High
7.09,14.3,0,0,2.07,0.259,2.8,4.19,5118000,776600,0,Low
6.78,6.4,1,1,3.3,0.167,2.96,4.52,1448300,384500,1,Medium
6.79,3.9,1,1,4.61,0.134,3.36,4.91,143500,64800,1,High
6.54,23.4,1,1,2.62,0.334,2.83,4.22,2158200,1189700,0,Low
6.63,6.8,1,0,3.1,0.182,3.06,4.32,754900,446100,1,Medium
6.74,3.8,1,1,4.67,0.123,3.29,4.99,242300,125800,1,High
6.76,7.4,1,1,3.24,0.188,3.11,4.48,1573300,310800,1,Medium
6.87,21.2,0,0,2.11,0.195,2.33,4.19,6007100,722200,1,Low
6.65,7.4,0,1,3.27,0.164,2.89,4.53,1560200,428600,1,Medium
6.9,18.0,0,1,2.5,0.35,2.38,4.0,5649100,515100,0,Low
6.77,7.8,1,1,3.08,0.17,3.13,4.41,1936300,312900,1,Medium
6.83,8.8,1,0,3.05,0.167,3.06,4.4,1345500,327600,1,Medium
6.78,4.8,1,1,3.35,0.132,3.23,4.88,227200,124500,1,High
6.75,9.0,1,1,3.19,0.177,2.9,4.46,588700,389500,1,Medium
6.69,6.3,0,1,3.14,0.175,3.09,4.65,1987300,339400,1,Medium
6.76,9.8,0,1,3.29,0.163,2.89,4.64,335500,313400,1,Medium
7.01,19.1,1,0,2.95,0.341,2.49,3.72,7838500,693600,0,Low
7.05,21.6,0,0,2.28,0.183,2.76,3.72,6266400,724100,0,Low
6.73,4.5,1,1,3.64,0.129,3.36,4.82,72900,55300,1,High
7.05,18.7,1,0,2.14,0.335,2.6,4.2,2275500,1147100,0,Low
6.78,4.9,1,1,4.37,0.131,3.13,5.04,283600,65800,1,High
6.61,2.5,1,1,3.87,0.142,3.22,4.75,36000,104900,1,High
6.64,2.4,1,1,4.56,0.146,3.15,5.0,293100,143100,1,High
6.72,9.3,0,1,3.36,0.174,3.01,4.34,849700,323600,1,Medium
6.99,15.9,0,0,2.42,0.257,2.34,4.15,4760800,337400,1,Low
6.8,4.1,1,1,3.67,0.125,3.27,5.04,165900,140600,1,High
6.72,7.2,1,1,3.14,0.177,3.05,4.62,1859000,336200,0,Medium
6.64,5.7,1,1,4.73,0.168,3.45,4.63,14100,99200,1,High
6.58,9.9,1,1,3.09,0.189,2.85,4.54,884300,258500,1,Medium
7.1,19.7,1,0,2.42,0.338,2.57,3.78,3785900,1127000,0,Low
6.6,7.4,1,0,3.06,0.182,3.04,4.31,1809700,379900,1,Medium
6.54,22.5,0,1,2.11,0.325,2.69,4.37,4005000,974600,1,Low
6.61,5.2,1,1,4.57,0.164,3.07,4.59,248800,177100,1,High
6.78,4.6,1,1,4.68,0.125,3.22,5.09,89800,231400,1,High
6.64,9.7,1,1,3.14,0.172,2.92,4.47,384500,338500,1,Medium
6.57,6.5,1,1,3.31,0.172,3.01,4.44,1983900,385400,0,Medium
6.73,3.0,1,1,4.51,0.166,3.19,4.57,10600,187600,1,High
7.11,12.9,1,1,2.36,0.249,2.57,4.12,6676500,1172500,0,Low
6.7,5.1,1,1,3.35,0.144,3.36,4.72,50800,216100,1,High
6.35,23.0,0,1,2.35,0.214,2.86,4.37,6998200,636400,0,Low
6.79,7.4,0,1,3.16,0.161,3.0,4.57,974700,256900,1,Medium
6.77,3.6,1,1,4.14,0.125,3.43,4.76,282500,38100,1,High
6.75,3.9,1,1,4.75,0.164,3.07,4.7,257600,236200,1,High
6.83,7.1,0,1,3.11,0.181,3.14,4.57,1535700,427200,1,Medium
6.79,2.9,1,1,3.88,0.158,3.2,4.55,299900,164600,1,High
6.77,4.1,1,1,4.54,0.167,3.08,4.8,194300,180500,1,High
6.87,22.6,0,0,2.73,0.27,2.55,3.59,2115100,656100,0,Low
6.72,2.6,1,1,3.38,0.17,3.27,5.1,98100,92400,1,High
6.65,8.7,1,1,3.23,0.17,2.92,4.36,1077600,286600,1,Medium
7.18,11.4,0,0,2.33,0.33,2.45,3.99,7631000,1174600,0,Low
6.95,17.5,1,0,2.59,0.319,2.86,3.54,6067400,756000,0,Low
6.73,7.3,0,1,3.06,0.166,2.93,4.49,536100,326600,1,Medium
6.92,14.9,0,0,2.3,0.314,2.91,3.95,5358400,778700,0,Low
6.74,9.1,1,0,3.1,0.189,3.05,4.64,1087000,401800,1,Medium
6.27,13.7,0,1,2.34,0.222,2.93,3.66,3910800,1011100,0,Low
7.02,14.4,0,0,3.11,0.185,2.78,4.01,3063400,816300,0,Low
6.83,7.7,1,0,3.11,0.173,3.09,4.48,920600,433400,1,Medium
6.67,9.6,1,1,3.34,0.161,2.89,4.62,329800,383000,1,Medium
7.2,16.1,0,0,2.25,0.32,2.59,3.82,5397200,503800,0,Low
6.95,10.4,1,1,2.35,0.18,2.82,4.24,7631500,820900,0,Low
6.78,8.7,1,0,3.22,0.189,3.1,4.33,300300,369100,1,Medium
6.91,13.0,0,0,2.37,0.262,2.5,3.61,2916100,687500,0,Low
6.75,3.2,1,1,4.79,0.151,3.05,4.69,253300,111500,1,High
6.7,5.5,1,1,3.52,0.143,3.15,4.67,200300,235800,1,High
6.64,2.9,1,1,3.89,0.138,3.36,5.01,16700,181200,1,High
6.49,15.1,1,1,2.89,0.311,2.53,3.99,5355700,1091700,0,Low
6.66,8.8,0,1,3.13,0.161,2.97,4.38,1833900,283600,1,Medium
6.77,3.3,1,1,3.87,0.165,3.1,4.69,231500,198900,1,High
6.74,9.3,0,1,3.19,0.177,2.9,4.62,984900,300400,1,Medium
6.43,10.2,0,1,2.44,0.348,2.69,4.17,6389900,1012500,0,Low
7.02,18.4,0,0,2.81,0.229,2.81,3.77,2961000,749300,1,Low
6.87,11.8,0,0,3.14,0.293,2.74,4.0,5286600,814900,0,Low
6.78,8.7,0,1,3.26,0.168,2.88,4.5,1157400,427600,1,Medium
6.62,8.4,1,1,3.05,0.162,2.96,4.48,1279500,397700,1,Medium
6.66,2.8,1,1,3.34,0.153,3.45,4.86,15300,169000,1,High
6.79,5.2,1,1,3.38,0.124,3.13,5.01,158700,90500,1,High
6.77,5.1,1,1,3.46,0.128,3.29,5.1,297700,231600,1,High
6.91,18.6,1,0,2.39,0.341,2.45,4.0,5271100,959900,0,Low
6.59,7.3,1,0,3.38,0.162,2.94,4.64,1082600,340700,1,Medium
6.72,9.0,1,1,3.36,0.184,3.13,4.65,989500,425300,1,Medium
6.51,18.2,1,1,2.68,0.334,2.87,3.75,3132900,808300,0,Low
6.79,2.7,1,1,4.05,0.132,3.35,5.15,202400,145600,1,High
6.76,9.9,0,1,3.32,0.176,2.87,4.5,458500,299000,1,Medium
6.65,5.0,1,1,3.81,0.146,3.41,4.99,39200,65300,1,High
7.0,12.8,0,0,2.26,0.234,2.59,4.37,3382900,376900,0,Low
6.71,6.5,1,1,3.37,0.189,3.13,4.32,874100,280300,1,Medium
7.13,15.1,0,0,2.48,0.265,2.38,4.05,3076100,866400,0,Low
6.75,9.6,0,1,3.35,0.179,2.86,4.36,644100,383600,1,Medium
6.94,19.6,1,0,2.2,0.266,2.62,3.51,5544500,834900,0,Low
6.92,10.3,0,1,2.11,0.183,2.61,3.84,4308500,652100,0,Low
6.73,2.6,1,1,4.44,0.126,3.27,4.57,142500,134400,1,High
7.15,10.6,0,0,2.2,0.328,2.52,4.31,7890000,1015900,1,Low
6.98,19.7,1,0,2.55,0.193,2.7,4.2,2688800,453200,0,Low
6.89,12.7,0,1,2.84,0.197,2.75,3.55,5148000,565500,1,Low
6.67,3.2,1,1,3.82,0.147,3.33,5.17,192900,73400,1,High
6.61,6.2,0,1,3.1,0.185,3.08,4.59,1585400,404300,1,Medium
6.7,9.6,0,1,3.17,0.182,2.86,4.47,1960600,278700,1,Medium
6.52,17.1,0,0,2.95,0.306,2.76,3.77,6950300,705100,1,Low
6.24,19.3,1,1,2.21,0.237,2.3,4.02,5202800,682600,0,Low
6.93,19.5,0,0,2.48,0.213,2.65,3.53,2948200,1008400,0,Low
6.57,6.1,1,1,3.12,0.176,3.0,4.33,457300,347600,1,Medium
6.6,8.6,1,1,3.26,0.162,3.0,4.47,629400,255600,1,Medium
7.05,22.8,0,1,2.53,0.267,2.7,4.24,2264600,750100,0,Low
6.56,9.2,0,1,3.16,0.161,2.87,4.43,1610800,339600,1,Medium
6.8,7.9,1,1,3.18,0.183,3.07,4.42,1280500,264400,1,Medium
6.65,5.1,1,1,3.36,0.147,3.42,4.55,55000,197500,1,High
6.57,9.6,1,1,3.21,0.18,2.98,4.51,1633000,284700,0,Medium
6.69,3.6,1,1,4.59,0.165,3.39,4.69,244400,170200,1,High
6.6,5.0,1,1,3.52,0.141,3.35,5.0,122300,210800,1,High
6.8,7.9,1,1,3.31,0.185,3.05,4.53,1674700,276400,1,Medium
6.65,5.6,1,1,4.39,0.148,3.23,4.74,172000,56900,1,High
6.56,7.4,1,0,3.34,0.184,3.09,4.36,1914900,372000,1,Medium
6.47,18.9,1,0,2.35,0.219,2.66,3.78,2982500,906500,0,Low
7.04,16.0,0,1,2.5,0.319,2.86,4.38,4439300,316400,1,Low
6.39,10.3,0,1,2.74,0.287,2.79,4.25,2409300,1089300,0,Low
6.74,2.3,1,1,4.14,0.168,3.41,4.81,289900,103600,1,High
6.84,8.9,1,0,3.26,0.17,3.01,4.6,1406800,403400,1,Medium
6.41,24.2,1,0,2.75,0.254,2.3,3.76,5743400,772100,0,Low
6.63,5.8,1,1,4.44,0.125,3.09,4.59,242900,162500,1,High
6.56,8.1,1,1,3.1,0.186,3.09,4.49,1654000,437800,1,Medium
6.74,9.6,1,0,3.17,0.173,3.04,4.37,1207700,430300,1,Medium
7.18,19.2,0,0,2.4,0.3,2.94,3.88,2791900,503600,1,Low
6.65,9.4,1,1,3.22,0.179,3.13,4.62,1077600,379400,1,Medium
6.95,23.2,0,1,2.73,0.287,2.47,4.26,3898300,757900,0,Low
6.8,3.6,1,1,4.06,0.153,3.16,4.89,101100,110700,1,High
6.83,7.7,1,1,3.35,0.163,2.94,4.61,1242600,307700,1,Medium
6.61,2.9,1,1,4.13,0.154,3.14,4.74,189700,204300,1,High
6.74,5.0,1,1,4.77,0.163,3.48,5.18,231500,225800,1,High
6.64,3.3,1,1,4.26,0.135,3.34,5.19,179900,142000,1,High
6.72,4.2,1,1,3.77,0.156,3.14,5.17,61800,243000,1,High
6.64,3.4,1,1,3.65,0.161,3.48,5.0,50100,67900,1,High
6.71,3.2,1,1,3.73,0.132,3.39,4.86,97900,165400,1,High
6.26,22.2,0,0,2.95,0.286,2.94,4.22,6958300,513700,1,Low
6.8,8.3,0,1,3.08,0.169,3.04,4.55,632200,269900,1,Medium
6.7,3.5,1,1,3.94,0.151,3.29,5.09,232600,88400,1,High
6.67,3.9,1,1,3.99,0.131,3.46,4.98,148600,186200,1,High
6.26,15.0,1,1,2.3,0.184,2.39,4.36,7595800,504400,0,Low
6.69,4.4,1,1,4.23,0.163,3.13,4.83,299000,53600,1,High
6.44,22.1,0,1,2.01,0.249,2.8,3.82,4043900,939500,0,Low
6.92,12.5,0,0,2.47,0.316,2.61,4.18,6788400,481900,0,Low
6.76,5.6,1,1,4.78,0.163,3.29,5.05,44600,51200,1,High
7.19,14.9,1,0,2.95,0.291,2.89,4.19,3200100,475000,0,Low
6.74,6.0,1,1,4.74,0.128,3.17,5.08,167200,168900,1,High
6.86,20.9,0,0,2.0,0.233,2.46,4.16,7125300,718800,0,Low
7.14,19.1,0,0,2.57,0.237,2.83,3.94,6855200,667900,0,Low
6.67,7.0,0,1,3.1,0.181,3.08,4.65,1918000,290500,1,Medium
6.69,7.3,1,1,3.09,0.177,3.15,4.57,518100,268800,1,Medium
6.48,19.4,0,0,2.8,0.206,2.65,3.79,5218400,1188700,0,Low
6.78,3.4,1,1,4.75,0.168,3.28,4.82,15300,237600,1,High
6.71,9.8,1,1,3.3,0.187,2.92,4.32,1886500,346700,1,Medium
6.26,20.2,1,0,3.1,0.266,2.72,4.21,4393700,428900,1,Low
6.68,7.5,0,1,3.22,0.169,2.86,4.32,1833100,342000,1,Medium
6.83,6.2,1,1,3.28,0.162,3.07,4.64,881400,372200,0,Medium
6.62,9.3,1,1,3.1,0.174,2.96,4.41,1460700,305600,1,Medium
6.74,4.1,1,1,4.61,0.127,3.15,4.96,220400,133000,1,High
6.53,17.3,0,0,2.82,0.308,2.94,3.71,4455400,647900,0,Low
6.56,9.1,1,1,3.33,0.19,2.89,4.35,746000,311600,1,Medium
6.53,21.6,0,0,2.13,0.307,2.82,3.89,5098600,1077900,0,Low
6.42,16.6,0,0,2.3,0.212,2.89,4.19,5265200,689600,1,Low
6.29,15.3,0,0,2.63,0.208,2.62,4.31,6824800,964800,0,Low
6.75,8.8,1,0,3.3,0.19,3.14,4.55,1715700,352900,1,Medium
6.59,6.3,1,1,3.07,0.182,3.02,4.62,756500,295200,1,Medium
6.3,14.6,0,0,2.62,0.22,2.93,3.85,5743200,899100,0,Low
6.6,5.3,1,1,3.36,0.12,3.22,4.97,280700,95500,1,High
7.06,19.3,0,0,2.12,0.206,2.89,4.27,6768900,513900,0,Low
6.41,20.5,0,0,3.03,0.279,2.35,4.08,3350600,655300,1,Low
6.77,2.9,1,1,3.35,0.137,3.1,5.17,254600,144700,1,High
6.65,6.9,1,1,3.14,0.184,2.98,4.54,1792800,383600,1,Medium
6.86,17.6,0,0,3.03,0.331,2.57,4.25,6718300,848500,0,Low
6.37,21.2,0,0,2.5,0.35,2.61,4.15,4372300,360500,0,Low
7.14,15.0,1,0,2.24,0.277,2.32,4.28,3401500,886200,0,Low
6.7,5.1,1,1,3.54,0.147,3.46,4.99,234400,207700,1,High
7.18,18.5,0,1,2.79,0.286,2.93,4.29,7791700,573800,0,Low
6.75,7.8,1,0,3.27,0.176,3.01,4.56,867400,342400,1,Medium
6.71,4.6,1,1,4.18,0.17,3.41,4.64,223000,127100,1,High
7.1,22.2,0,0,3.01,0.278,2.9,3.82,5500800,1029800,1,Low
7.18,13.3,0,1,2.04,0.254,2.48,4.19,7779000,445300,0,Low
6.62,2.6,1,1,4.22,0.134,3.2,4.99,98300,52800,1,High
7.11,13.4,0,0,2.59,0.191,2.65,4.23,2156700,1133500,0,Low
6.74,4.3,1,1,3.36,0.134,3.28,4.97,106600,186100,1,High
6.76,2.5,1,1,4.36,0.124,3.18,4.89,71500,178600,1,High
6.71,2.6,1,1,4.23,0.154,3.44,5.15,51500,224100,1,High
6.43,18.8,1,0,2.52,0.294,2.3,4.26,3561900,808000,1,Low
6.88,13.6,1,1,2.64,0.194,2.73,3.6,4170100,731400,0,Low
6.62,3.8,1,1,4.65,0.142,3.39,4.59,107300,237400,1,High
6.62,4.2,1,1,4.16,0.159,3.4,4.89,44100,24200,1,High
6.8,5.0,1,1,4.01,0.164,3.39,5.06,110400,47100,1,High
6.75,10.0,1,1,3.21,0.186,3.0,4.6,1692200,345600,1,Medium
6.67,4.4,1,1,4.26,0.156,3.37,4.76,249500,154200,1,High
6.68,3.4,1,1,3.96,0.155,3.27,4.93,121700,199700,1,High
6.71,6.1,1,1,3.35,0.18,2.96,4.35,900300,378300,0,Medium
6.41,20.3,0,0,2.91,0.188,2.91,4.29,4999400,728500,0,Low
7.06,22.9,0,0,2.7,0.287,2.63,3.98,6445500,463800,0,Low
6.65,6.8,0,1,3.39,0.174,3.0,4.39,1627600,360200,1,Medium
7.03,24.9,0,0,2.3,0.208,2.68,4.16,4606800,957100,1,Low
6.7,3.4,1,1,3.48,0.144,3.49,5.05,212900,150100,1,High
6.48,13.2,1,0,2.24,0.21,2.64,3.83,2882400,601100,0,Low
7.18,18.4,0,0,2.76,0.277,2.86,4.18,6527900,757300,0,Low
6.66,9.8,0,1,3.24,0.171,3.03,4.52,487000,301600,1,Medium
6.5,22.3,1,0,2.46,0.288,2.77,3.69,7572200,784500,0,Low
6.73,5.8,1,1,3.55,0.158,3.27,4.9,89700,106900,1,High
6.66,4.3,1,1,4.16,0.126,3.34,5.0,52800,178100,1,High
6.77,4.6,1,1,4.66,0.136,3.18,5.18,84800,72200,1,High
6.81,6.4,1,1,3.38,0.184,3.15,4.5,927400,399300,0,Medium
6.73,8.2,1,1,3.23,0.18,3.05,4.47,594000,259000,1,Medium
6.71,9.7,0,1,3.09,0.17,3.1,4.45,1588400,270100,1,Medium
6.79,8.3,1,1,3.38,0.177,2.92,4.35,1211400,304400,1,Medium
6.72,2.9,1,1,3.99,0.168,3.43,4.97,100600,48100,1,High
6.63,5.2,1,1,3.5,0.149,3.17,4.96,132900,65300,1,High
6.79,3.1,1,1,4.32,0.13,3.1,5.0,28900,80400,1,High
6.68,3.8,1,1,3.73,0.127,3.25,4.72,99900,203200,1,High
6.53,12.3,1,0,2.31,0.191,2.61,4.04,4756200,468900,0,Low
7.04,21.2,0,1,2.19,0.25,2.59,3.8,5465200,514900,1,Low
6.63,9.0,1,1,3.23,0.161,3.04,4.61,1767200,418500,0,Medium
7.0,18.8,0,0,2.05,0.202,2.93,3.78,3921000,1005700,0,Low
6.57,8.6,0,1,3.09,0.176,3.09,4.5,1195800,346100,1,Medium
6.67,2.5,1,1,3.45,0.124,3.26,4.58,51300,225300,1,High
6.71,3.0,1,1,3.77,0.169,3.13,4.87,180300,216100,1,High
6.27,13.2,0,1,2.88,0.332,2.93,4.08,6870400,403200,0,Low
6.78,7.9,1,1,3.32,0.161,3.02,4.61,643800,255900,0,Medium
6.31,15.7,0,0,2.07,0.237,2.67,3.63,5704500,924000,0,Low
6.65,9.5,1,0,3.38,0.174,3.09,4.62,1929000,335400,1,Medium
6.71,5.6,1,1,3.72,0.137,3.14,4.73,216200,92500,1,High
6.6,2.3,1,1,3.83,0.133,3.3,4.62,105200,242500,1,High
6.66,8.3,1,1,3.16,0.171,2.88,4.41,1663800,299600,1,Medium
6.69,9.1,0,1,3.23,0.183,2.88,4.46,1368800,259000,1,Medium
6.91,21.4,0,1,3.03,0.345,2.72,4.37,2030800,593500,0,Low
6.76,4.3,1,1,4.67,0.13,3.42,4.84,163700,74000,1,High
6.62,3.4,1,1,3.54,0.164,3.31,5.14,34200,173700,1,High
6.33,17.4,1,1,2.19,0.345,2.62,3.86,5744100,1142100,0,Low
7.14,22.8,0,1,3.12,0.224,2.91,3.99,3967200,989700,0,Low
6.33,16.1,1,0,2.83,0.238,2.43,4.03,4321400,1134400,0,Low
6.34,17.7,1,0,2.68,0.188,2.81,3.66,4475800,692900,1,Low
6.69,7.0,1,1,3.2,0.173,2.99,4.4,1449000,273800,1,Medium
6.66,8.4,1,1,3.21,0.173,3.15,4.44,1680600,290400,0,Medium
6.71,3.1,1,1,3.57,0.146,3.05,4.88,111800,246700,1,High
6.8,6.7,1,1,3.17,0.184,2.9,4.61,1169100,347000,0,Medium
6.37,19.5,0,1,3.17,0.248,2.49,4.2,2300200,987400,0,Low
7.03,16.9,0,1,2.89,0.239,2.88,3.96,4733000,1087600,0,Low
6.79,3.4,1,1,4.03,0.147,3.48,4.65,168100,217500,1,High
6.58,7.8,1,1,3.28,0.185,2.95,4.45,1031900,400400,1,Medium
6.56,9.4,1,1,3.08,0.182,3.05,4.47,891100,387800,0,Medium
6.75,7.1,1,0,3.33,0.188,2.96,4.49,1886500,435800,1,Medium
6.95,14.8,0,1,2.33,0.191,2.51,4.01,2466100,964000,0,Low
6.66,8.7,0,1,3.26,0.18,3.06,4.31,905800,348400,1,Medium
6.8,4.0,1,1,4.78,0.162,3.05,4.7,96700,223600,1,High
6.84,7.6,1,0,3.11,0.175,2.92,4.38,1390600,424000,1,Medium
7.14,16.2,1,1,2.61,0.213,2.3,4.33,3908900,1192700,0,Low
6.74,6.8,1,0,3.1,0.163,2.87,4.63,905300,424000,1,Medium
6.77,5.7,1,1,3.67,0.165,3.15,5.08,282400,59000,1,High
6.78,9.7,0,1,3.21,0.185,3.03,4.59,1219400,441300,1,Medium
6.7,6.0,1,1,4.43,0.129,3.36,4.75,90700,224400,1,High
6.62,8.0,0,1,3.06,0.187,3.14,4.49,1241800,307000,1,Medium
6.79,3.7,1,1,3.7,0.124,3.42,4.76,167300,41400,1,High
6.63,8.7,1,1,3.3,0.172,3.11,4.44,570300,421400,1,Medium
6.78,8.2,1,1,3.27,0.183,3.15,4.49,1962400,287700,1,Medium
6.72,2.8,1,1,4.25,0.163,3.1,4.67,281700,41000,1,High
6.81,9.7,1,1,3.15,0.168,2.86,4.34,1187000,415800,1,Medium
6.83,8.0,1,1,3.3,0.164,3.13,4.56,889700,341600,0,Medium
6.54,23.9,1,1,3.04,0.187,2.39,3.77,5612500,928500,0,Low
6.78,4.1,1,1,4.67,0.148,3.07,5.11,182100,239800,1,High
6.75,4.3,1,1,3.71,0.127,3.29,4.87,254500,74800,1,High
7.0,13.0,0,1,2.42,0.283,2.76,4.16,7417100,498400,1,Low
6.76,4.7,1,1,3.85,0.142,3.49,4.78,225300,189800,1,High
6.66,7.5,0,1,3.27,0.184,2.88,4.53,1445400,321700,1,Medium
7.07,14.8,1,0,2.6,0.342,2.85,3.8,5539200,991300,0,Low
6.71,3.2,1,1,4.02,0.15,3.41,5.1,237100,81200,1,High
6.83,9.3,0,1,3.26,0.173,3.15,4.54,708500,322200,1,Medium
6.68,2.7,1,1,3.38,0.138,3.31,4.78,144200,241000,1,High
6.68,3.7,1,1,4.6,0.141,3.37,4.82,204700,32800,1,High
6.78,2.3,1,1,4.2,0.153,3.11,5.04,166900,186000,1,High
6.66,5.8,1,1,4.7,0.134,3.17,4.75,187900,160200,1,High
6.74,4.2,1,1,3.35,0.125,3.44,5.16,201300,184200,1,High
6.83,7.8,1,1,3.29,0.172,3.05,4.54,1851000,271300,1,Medium
6.75,6.0,1,1,4.25,0.155,3.3,4.88,60000,55300,1,High
7.15,13.7,0,1,2.92,0.248,2.62,4.12,7529000,791600,0,Low
7.01,16.8,0,0,2.56,0.287,2.79,4.09,7295900,313400,0,Low
6.77,3.0,1,1,3.51,0.163,3.26,5.09,166000,179200,1,High
7.17,13.7,0,0,2.95,0.333,2.88,4.1,6161700,911800,0,Low
6.62,3.4,1,1,4.53,0.151,3.4,4.7,112900,195100,1,High
6.68,5.9,1,1,3.6,0.164,3.4,4.56,15900,116400,1,High
6.74,9.6,1,1,3.11,0.182,3.13,4.38,681600,390600,1,Medium
7.18,20.4,1,0,2.59,0.285,2.76,4.29,3198900,1181800,0,Low
6.48,10.6,0,1,2.57,0.313,2.87,4.26,5868400,530300,0,Low
6.25,13.9,0,0,2.11,0.319,2.43,3.51,7235700,818200,0,Low
6.7,9.7,1,0,3.05,0.171,3.03,4.43,349900,278800,1,Medium
6.69,5.1,1,1,4.01,0.14,3.25,4.69,14200,32900,1,High
7.11,20.2,0,1,3.14,0.289,2.44,4.17,6264200,1108400,1,Low
6.33,24.3,0,1,2.96,0.265,2.75,3.99,4203000,372800,1,Low
6.63,5.1,1,1,4.14,0.147,3.49,5.0,136800,230500,1,High
6.73,4.1,1,1,4.6,0.161,3.35,4.91,258200,62500,1,High
7.04,15.2,1,1,2.58,0.216,2.82,3.59,5090300,614200,0,Low
6.74,3.2,1,1,3.58,0.128,3.17,4.81,107600,162300,1,High
6.67,7.7,1,1,3.38,0.179,3.01,4.4,467500,343800,0,Medium
6.9,18.1,1,0,2.9,0.192,2.32,4.38,3778100,369700,1,Low
7.04,24.4,1,1,2.54,0.273,2.8,3.62,2085600,1088000,0,Low
6.78,8.1,1,1,3.38,0.176,3.05,4.61,589300,392100,0,Medium
6.74,4.7,1,1,4.14,0.139,3.25,4.79,173800,86700,1,High
6.63,6.4,1,1,3.31,0.188,3.13,4.5,1732300,316600,0,Medium
6.72,9.0,1,1,3.38,0.178,3.04,4.48,1156400,270200,1,Medium
7.03,21.8,0,0,2.64,0.234,2.83,4.39,4951900,774800,0,Low
6.66,7.5,1,0,3.28,0.172,2.86,4.54,747300,366700,1,Medium
6.25,16.0,0,1,2.53,0.303,2.83,3.89,7166600,945000,1,Low
6.66,5.8,1,1,4.03,0.124,3.17,5.1,266600,151000,1,High
6.67,4.6,1,1,4.37,0.15,3.43,4.75,154900,144300,1,High
6.39,24.8,0,0,2.33,0.24,2.54,3.72,5593600,606900,1,Low
6.65,3.8,1,1,4.05,0.151,3.29,5.13,272900,175600,1,High
6.67,5.3,1,1,4.34,0.137,3.26,4.91,24500,171500,1,High
6.84,9.2,0,1,3.2,0.178,3.05,4.34,1910200,308600,1,Medium
6.74,2.4,1,1,4.48,0.167,3.38,4.99,48300,155700,1,High
6.47,13.1,0,0,2.65,0.269,2.58,4.19,3390400,313100,0,Low
7.08,20.3,0,0,2.91,0.252,2.95,4.32,5431500,687100,0,Low
6.74,3.8,1,1,4.32,0.145,3.48,5.06,29500,146000,1,High
6.64,9.7,1,1,3.22,0.188,2.96,4.47,767400,260600,1,Medium
6.73,3.8,1,1,4.16,0.128,3.36,4.84,114800,186100,1,High
6.59,7.4,1,1,3.31,0.167,3.12,4.35,573800,370000,1,Medium
7.2,15.9,0,1,2.58,0.333,2.44,4.05,6702200,753800,1,Low
6.54,15.7,0,0,2.6,0.298,2.75,3.56,7922200,871600,0,Low
6.52,16.7,0,0,2.55,0.209,2.43,3.65,6017000,494700,0,Low
6.83,8.9,1,0,3.29,0.168,2.93,4.49,929300,403300,1,Medium
6.46,22.7,0,1,3.03,0.187,2.53,3.61,6997500,612300,0,Low
7.04,19.2,0,0,2.24,0.293,2.36,3.97,5047800,589500,1,Low
6.54,10.6,0,0,2.17,0.326,2.79,3.6,7105400,624200,1,Low
6.56,7.5,1,1,3.33,0.161,3.12,4.57,1006600,303400,1,Medium
6.44,11.1,0,0,2.76,0.313,2.62,4.35,5915300,486800,0,Low
6.3,24.7,0,0,2.13,0.224,2.82,4.0,4158400,1117100,1,Low
6.64,4.4,1,1,4.06,0.145,3.21,5.18,151700,35400,1,High
6.63,3.2,1,1,4.18,0.136,3.16,4.58,131000,137500,1,High
6.75,9.5,1,1,3.4,0.181,3.02,4.59,1232700,314000,0,Medium
7.12,20.5,0,0,3.16,0.325,2.69,3.5,3693100,1131300,1,Low
6.64,4.3,1,1,3.5,0.141,3.17,5.02,149300,54200,1,High
6.66,9.8,1,1,3.24,0.169,2.96,4.46,1437800,292500,1,Medium
6.61,5.7,1,1,4.46,0.157,3.08,4.73,15500,56000,1,High
6.73,8.8,1,1,3.31,0.181,3.14,4.52,765900,370300,1,Medium
6.33,12.1,0,0,3.06,0.235,2.66,3.92,7096300,317400,1,Low
6.76,8.4,1,1,3.35,0.178,2.97,4.6,1079700,395800,0,Medium
6.87,22.2,0,0,2.22,0.195,2.44,3.54,4284800,538300,0,Low
6.78,6.9,1,0,3.25,0.177,3.03,4.44,1323900,411200,1,Medium
6.89,18.9,0,0,2.74,0.193,2.5,4.2,5688400,713500,0,Low
6.65,4.5,1,1,3.51,0.149,3.18,4.84,50800,40800,1,High
6.61,5.2,1,1,3.37,0.139,3.2,4.64,72500,235300,1,High
6.74,5.3,1,1,3.77,0.154,3.18,4.84,91900,151200,1,High
6.7,5.5,1,1,3.31,0.125,3.44,4.72,67800,26300,1,High
6.59,9.4,1,1,3.1,0.165,3.03,4.61,1853900,393600,0,Medium
6.78,2.6,1,1,4.66,0.156,3.13,5.09,127800,139200,1,High
6.66,3.6,1,1,4.57,0.132,3.38,4.55,190600,36200,1,High
6.99,19.9,0,0,2.78,0.227,2.45,3.83,5436100,585100,0,Low
6.32,14.8,0,0,2.45,0.342,2.9,3.96,5925100,633500,0,Low
6.69,2.8,1,1,4.32,0.157,3.39,5.08,222700,240000,1,High
6.34,11.9,0,0,2.54,0.261,2.77,4.13,5679700,899000,1,Low
6.77,3.8,1,1,3.98,0.159,3.26,5.18,112500,218600,1,High
6.92,17.4,1,1,2.82,0.21,2.61,4.29,7415100,941400,0,Low
6.79,6.9,1,1,3.11,0.19,2.97,4.41,711800,426600,1,Medium
6.62,5.4,1,1,4.56,0.134,3.49,4.94,99100,78400,1,High
6.67,5.8,1,1,4.31,0.159,3.21,5.09,211400,65600,1,High
6.58,9.2,1,1,3.19,0.168,3.15,4.63,900200,351300,1,Medium
6.24,21.4,0,0,2.11,0.299,2.42,3.73,7817500,381700,0,Low
6.78,3.9,1,1,4.43,0.147,3.21,5.11,144500,57500,1,High
6.57,8.5,1,0,3.3,0.177,2.9,4.64,954500,403900,1,Medium
6.63,7.6,0,1,3.28,0.166,3.02,4.45,945600,349600,1,Medium
6.78,7.5,1,1,3.33,0.175,2.91,4.41,491900,401800,1,Medium
6.44,20.1,0,0,2.42,0.26,2.46,3.98,4248200,424900,1,Low
6.97,23.3,0,1,2.42,0.217,2.57,3.63,3394300,679800,0,Low
6.64,6.7,0,1,3.36,0.171,3.0,4.34,432700,430100,1,Medium
7.1,16.5,1,0,2.8,0.192,2.87,3.89,3613200,380400,0,Low
7.06,23.1,0,0,2.96,0.304,2.94,4.26,6212100,391900,1,Low
6.63,9.6,1,1,3.21,0.166,3.1,4.42,1775000,319300,1,Medium
6.71,8.3,1,1,3.09,0.17,2.92,4.51,1846400,250600,0,Medium
6.68,2.3,1,1,4.54,0.158,3.42,5.17,200600,166800,1,High
6.92,11.2,1,0,2.85,0.287,2.43,3.83,2734700,1143200,1,Low
6.76,4.0,1,1,3.81,0.129,3.48,4.86,299300,134300,1,High
7.09,19.5,0,0,2.85,0.339,2.64,3.84,6180500,1103700,1,Low
6.65,2.0,1,1,4.51,0.127,3.27,4.88,111500,200600,1,High
6.75,9.7,1,1,3.37,0.187,3.0,4.32,1824800,370900,1,Medium
6.76,5.7,1,1,3.79,0.139,3.12,4.87,148600,26900,1,High
6.97,11.6,0,0,2.71,0.267,2.4,4.01,2440000,586300,1,Low
6.24,10.4,1,1,2.03,0.245,2.53,3.78,6357800,980700,0,Low
6.97,22.0,1,0,2.17,0.22,2.54,4.12,3965400,621700,0,Low
6.66,3.2,1,1,4.6,0.165,3.18,5.13,212700,209000,1,High
6.68,6.1,1,1,3.14,0.16,3.15,4.51,635900,254900,1,Medium
6.57,7.3,1,1,3.35,0.165,3.11,4.32,1783000,301200,0,Medium
6.6,7.4,1,1,3.11,0.168,3.0,4.64,1631800,335300,0,Medium
6.8,3.5,1,1,3.99,0.165,3.29,5.12,134300,133500,1,High
6.58,7.2,1,1,3.18,0.187,2.97,4.56,807300,299800,1,Medium
6.68,5.7,1,1,4.31,0.136,3.36,4.72,192800,227900,1,High
6.71,4.6,1,1,3.81,0.167,3.25,4.83,223200,23700,1,High
6.64,8.3,1,1,3.05,0.161,3.13,4.48,1713500,415400,1,Medium
6.76,4.2,1,1,4.49,0.163,3.11,4.77,38200,237200,1,High
6.4,14.8,1,0,2.76,0.28,2.66,4.04,4478800,1118300,1,Low
6.82,7.9,1,1,3.05,0.16,2.87,4.44,1412800,419700,0,Medium
6.61,2.3,1,1,4.24,0.121,3.16,4.66,114700,41600,1,High
6.22,18.5,1,0,2.11,0.204,2.88,3.64,6095800,504000,0,Low
6.75,7.3,1,0,3.3,0.168,3.1,4.31,1447700,329800,1,Medium
6.66,9.5,1,1,3.25,0.169,2.96,4.44,513100,277200,1,Medium
6.67,4.5,1,1,4.44,0.148,3.39,4.81,99400,39700,1,High
6.96,23.8,1,0,2.39,0.258,2.68,4.32,6276000,1197900,0,Low
6.76,2.7,1,1,4.37,0.167,3.22,4.84,172200,232500,1,High
7.02,22.1,0,0,2.14,0.337,2.84,4.03,4667000,584700,1,Low
6.7,5.8,1,1,3.59,0.123,3.39,4.77,112400,55900,1,High
6.92,24.0,1,0,2.48,0.312,2.34,4.08,7067200,769100,1,Low
6.58,6.8,1,1,3.21,0.181,3.0,4.63,1311400,284000,0,Medium
6.56,8.2,1,1,3.26,0.177,3.14,4.35,924700,378600,1,Medium
6.61,2.4,1,1,3.63,0.122,3.09,4.77,289900,113300,1,High
6.37,15.3,0,0,2.61,0.255,2.78,3.69,6862100,368200,1,Low
7.16,13.9,0,0,2.55,0.193,2.65,3.91,4434300,321000,1,Low
6.92,11.4,0,0,2.01,0.186,2.73,3.72,5067700,482000,0,Low
6.5,18.6,0,0,2.9,0.27,2.46,4.39,4638200,992900,0,Low
6.67,7.6,0,1,3.32,0.175,3.1,4.53,1096600,418900,1,Medium
6.62,3.1,1,1,4.36,0.153,3.37,4.9,10900,201900,1,High
6.25,24.1,0,0,2.19,0.245,2.49,4.37,4244600,484700,0,Low
6.88,12.6,0,0,3.09,0.281,2.55,3.92,5953400,552900,0,Low
6.59,9.6,1,0,3.25,0.17,2.87,4.36,360400,363500,1,Medium
6.43,14.7,0,0,2.93,0.204,2.88,3.83,5088500,1016700,1,Low
6.76,2.7,1,1,3.96,0.153,3.22,4.85,165700,217600,1,High
6.84,6.9,1,1,3.35,0.182,2.99,4.48,520100,258800,0,Medium
6.79,7.8,0,1,3.39,0.169,3.04,4.31,1001800,322700,1,Medium
6.79,2.7,1,1,3.32,0.137,3.19,4.59,138500,124200,1,High
6.71,9.8,0,1,3.25,0.175,3.09,4.45,594000,332000,1,Medium
6.62,8.5,0,1,3.37,0.172,2.86,4.52,1123100,372500,1,Medium
6.73,3.8,1,1,4.66,0.153,3.5,4.6,170000,196700,1,High
6.77,5.9,1,1,3.49,0.124,3.36,4.77,263800,102800,1,High
6.64,8.9,1,0,3.26,0.188,3.04,4.32,754100,392600,1,Medium
6.75,3.8,1,1,3.71,0.154,3.12,4.97,223400,74600,1,High
7.02,16.1,0,1,2.58,0.263,2.61,4.32,3138100,870600,0,Low
7.1,15.3,1,0,2.98,0.24,2.44,4.29,3538400,587800,1,Low
6.79,7.9,1,1,3.16,0.183,2.97,4.61,885000,272100,1,Medium
7.16,22.6,1,0,2.72,0.182,2.56,3.68,7396200,1067000,0,Low
7.2,13.4,0,0,2.56,0.343,2.91,4.16,4875600,973500,0,Low
6.53,12.1,0,1,2.68,0.319,2.77,3.94,5025000,832200,0,Low
6.61,7.5,1,1,3.2,0.186,3.07,4.33,661500,399600,0,Medium
6.79,9.6,1,1,3.15,0.161,2.98,4.34,1302900,297500,0,Medium
6.64,6.5,1,0,3.13,0.166,3.1,4.59,1571300,270700,1,Medium
6.22,17.3,1,0,3.13,0.205,2.49,4.04,6571200,337400,0,Low
6.73,5.3,1,1,4.61,0.156,3.19,4.82,82100,117500,1,High
6.71,8.5,0,1,3.32,0.161,2.93,4.51,1787600,352900,1,Medium
6.37,23.6,0,0,2.05,0.29,2.55,3.74,2838200,707700,1,Low
6.71,2.1,1,1,3.67,0.138,3.44,4.73,46100,210400,1,High
6.56,7.8,1,1,3.17,0.183,2.86,4.37,451600,329300,0,Medium
6.65,7.0,1,1,3.35,0.19,3.03,4.31,1203300,269600,0,Medium
6.71,7.7,1,1,3.29,0.166,2.88,4.43,342600,291100,1,Medium
6.63,9.7,1,0,3.3,0.175,3.11,4.35,920700,382100,1,Medium
6.56,6.8,1,1,3.12,0.167,2.87,4.6,696800,362100,1,Medium
6.6,3.2,1,1,3.96,0.12,3.37,4.68,168600,244800,1,High
6.68,4.0,1,1,4.77,0.124,3.41,4.85,104200,23600,1,High
6.69,5.5,1,1,3.5,0.123,3.22,5.17,247100,161700,1,High
6.77,4.2,1,1,4.59,0.135,3.35,5.03,275700,202200,1,High
6.79,2.0,1,1,3.3,0.13,3.17,4.66,280800,194400,1,High
6.66,8.6,1,1,3.15,0.182,3.01,4.34,717400,364100,0,Medium
6.65,2.3,1,1,3.66,0.154,3.06,5.18,12600,22900,1,High
6.23,17.4,1,0,2.89,0.316,2.42,3.58,7614100,1088000,0,Low
6.67,5.8,1,1,4.4,0.142,3.42,5.2,76600,85400,1,High
7.06,18.3,1,0,2.32,0.255,2.37,3.83,6969900,827200,0,Low
6.41,22.8,0,1,2.28,0.207,2.31,3.6,2850400,458300,0,Low
6.76,3.3,1,1,3.51,0.136,3.44,5.07,258800,170800,1,High
6.83,7.8,0,1,3.09,0.188,3.03,4.36,1746000,303200,1,Medium
6.76,2.7,1,1,3.43,0.157,3.22,4.78,275800,140800,1,High
6.68,3.9,1,1,3.65,0.157,3.39,4.75,276200,228300,1,High
6.7,4.6,1,1,4.66,0.135,3.31,5.07,142600,92300,1,High
6.84,9.2,0,1,3.07,0.164,2.89,4.44,688500,344400,1,Medium
6.87,24.8,1,0,2.67,0.294,2.85,3.89,7963100,958400,1,Low
6.75,5.0,1,1,3.69,0.153,3.15,4.6,123500,39200,1,High
6.77,8.2,1,1,3.36,0.167,2.9,4.57,1754700,405000,1,Medium
6.68,7.5,1,1,3.33,0.186,2.9,4.32,330000,438900,1,Medium
7.15,19.7,1,1,3.11,0.307,2.49,3.72,4771400,790300,0,Low
6.75,9.2,1,1,3.13,0.177,2.98,4.43,972100,374300,0,Medium
6.68,5.2,1,1,3.59,0.121,3.18,5.02,199700,161000,1,High
6.68,5.4,1,1,3.81,0.168,3.11,4.85,245800,163800,1,High
6.56,9.8,1,1,3.35,0.168,2.86,4.31,1498300,335100,1,Medium
6.62,4.1,1,1,4.79,0.167,3.24,4.62,91800,71500,1,High
6.6,4.3,1,1,4.06,0.157,3.49,5.01,108600,41800,1,High
6.23,18.7,1,0,3.06,0.24,2.46,3.62,2854100,458000,1,Low
6.57,7.9,1,1,3.09,0.176,2.94,4.59,1376700,300000,0,Medium
6.5,16.4,0,0,2.28,0.229,2.89,4.21,2857800,464500,0,Low
6.73,2.3,1,1,3.41,0.143,3.48,4.85,149200,40500,1,High
6.55,7.8,1,1,3.21,0.171,2.86,4.39,1856200,251900,1,Medium
6.61,7.5,1,1,3.22,0.162,2.96,4.44,351800,408300,1,Medium
6.63,7.8,0,1,3.3,0.162,2.95,4.49,1649400,283200,1,Medium
6.45,18.2,1,0,3.09,0.272,2.52,3.69,4759900,1073900,1,Low
6.65,8.1,1,1,3.39,0.165,3.03,4.5,1588400,348100,1,Medium
6.78,7.4,0,1,3.18,0.169,2.95,4.32,1114600,349700,1,Medium
6.49,19.8,0,0,2.62,0.257,2.54,3.55,2284700,441300,1,Low
6.75,6.2,1,0,3.2,0.179,2.96,4.52,1484400,406500,1,Medium
6.78,4.2,1,1,3.77,0.132,3.39,5.19,61700,149600,1,High
6.45,13.1,0,0,2.96,0.218,2.41,3.71,4739900,1059300,0,Low
6.56,8.0,1,1,3.13,0.165,3.0,4.54,1344900,314300,1,Medium
7.12,18.9,0,1,2.96,0.301,2.36,4.16,5884800,465500,1,Low
7.02,18.1,1,0,2.63,0.2,2.4,4.17,7990100,852900,1,Low
6.4,11.2,1,0,2.28,0.338,2.32,3.59,7527800,767300,0,Low
6.63,2.4,1,1,4.19,0.168,3.31,5.09,74300,99000,1,High
6.56,8.3,1,1,3.32,0.172,2.96,4.56,1959700,427500,0,Medium
6.71,7.8,1,1,3.26,0.189,2.87,4.58,1624300,335900,1,Medium
6.92,25.0,1,1,2.15,0.218,2.54,3.97,3363100,866300,0,Low
6.72,8.4,1,1,3.15,0.173,2.92,4.49,1971000,294900,0,Medium
6.88,13.9,1,0,2.9,0.189,2.91,4.34,5475300,362500,1,Low
6.79,5.7,1,1,4.42,0.139,3.21,5.08,31500,43100,1,High
6.64,4.4,1,1,3.56,0.138,3.41,4.89,195600,53800,1,High
6.71,8.5,1,0,3.14,0.176,3.11,4.54,1282100,339400,1,Medium
6.2,20.3,0,0,3.07,0.196,2.73,3.62,3434200,760900,0,Low
6.35,19.5,1,0,2.68,0.219,2.67,3.7,7431700,641600,1,Low
6.94,10.7,0,0,2.24,0.239,2.89,3.83,6693600,355600,1,Low
6.24,18.8,0,1,2.75,0.311,2.74,3.87,5564400,613800,0,Low
6.67,6.2,1,0,3.31,0.165,3.08,4.56,1238200,302100,1,Medium
6.76,5.6,1,1,4.5,0.123,3.16,4.81,283300,228600,1,High
6.76,6.3,1,1,3.15,0.178,2.92,4.64,1004200,256900,0,Medium
6.36,21.3,1,1,2.96,0.214,2.71,3.83,3438400,1056700,0,Low
7.06,21.8,0,0,2.6,0.192,2.67,3.57,2271900,1150200,1,Low
7.13,21.7,0,0,3.14,0.19,2.77,3.75,3795400,1160200,0,Low
6.95,13.0,0,1,2.67,0.236,2.72,4.19,2443800,1126600,1,Low
6.82,8.3,0,1,3.18,0.177,2.9,4.33,1493300,401300,1,Medium
6.2,13.1,1,1,2.11,0.268,2.48,3.53,7977500,526800,0,Low
6.66,4.4,1,1,4.1,0.169,3.17,4.96,253700,58800,1,High
6.61,3.5,1,1,4.17,0.161,3.48,5.06,118100,23000,1,High
6.65,5.6,1,1,3.84,0.161,3.14,5.15,92500,20200,1,High
6.61,5.4,1,1,4.44,0.146,3.38,4.79,177800,60200,1,High
6.66,8.0,1,0,3.07,0.174,2.93,4.45,1024000,420600,1,Medium
6.77,7.7,1,1,3.34,0.178,3.0,4.38,1918800,394000,1,Medium
6.73,6.6,1,1,3.24,0.167,3.04,4.49,1634600,347100,1,Medium
7.0,18.4,0,0,3.02,0.196,2.85,4.06,3418100,381700,0,Low
6.95,15.6,0,0,2.52,0.218,2.5,4.2,4160600,541800,0,Low
6.61,8.1,1,0,3.39,0.18,2.95,4.54,921600,277700,1,Medium
6.42,22.9,0,0,2.69,0.247,2.77,4.24,4730900,1086900,0,Low
6.65,4.7,1,1,3.98,0.142,3.2,4.7,77600,139400,1,High
6.65,3.9,1,1,4.1,0.132,3.05,4.91,147900,73800,1,High
6.59,9.1,1,0,3.12,0.173,3.01,4.43,792100,387500,1,Medium
6.61,2.6,1,1,4.58,0.162,3.3,5.12,28900,20900,1,High
6.61,4.7,1,1,4.45,0.142,3.37,5.08,42700,225300,1,High
6.73,7.9,1,1,3.26,0.171,2.86,4.42,1139700,302000,0,Medium
6.76,5.1,1,1,4.23,0.154,3.43,5.05,138900,33200,1,High
6.57,8.5,1,1,3.32,0.172,3.09,4.37,895300,436900,0,Medium
6.76,5.9,1,1,3.55,0.129,3.4,4.86,26900,64500,1,High
6.76,6.8,1,1,3.09,0.175,3.08,4.59,570500,416000,1,Medium
6.73,7.0,0,1,3.22,0.178,3.03,4.51,1978800,411300,1,Medium
7.17,11.0,0,0,2.22,0.197,2.71,4.09,5378100,689400,0,Low
7.01,11.9,1,0,2.85,0.257,2.88,3.71,3025400,510900,0,Low
6.49,12.3,1,0,2.17,0.234,2.35,4.19,4633200,355900,0,Low
6.4,17.5,1,0,2.15,0.282,2.44,3.88,2295200,699300,0,Low
6.71,8.1,1,1,3.16,0.171,3.07,4.46,1991100,443600,1,Medium
6.75,4.4,1,1,4.45,0.134,3.37,4.73,299400,159300,1,High
6.76,5.9,1,1,4.17,0.149,3.3,4.71,93700,83500,1,High
6.75,9.5,1,1,3.11,0.163,3.1,4.35,782800,384700,1,Medium
6.78,8.2,0,1,3.06,0.184,3.1,4.65,1063600,348900,1,Medium
7.04,18.1,1,0,2.85,0.311,2.36,3.59,7829700,1189700,0,Low
6.67,4.9,1,1,3.84,0.144,3.2,4.79,106100,183800,1,High
6.8,6.0,1,1,4.3,0.139,3.44,4.65,118000,197600,1,High
6.48,18.6,0,0,2.1,0.19,2.42,4.25,6956100,705800,1,Low
7.04,13.0,1,0,2.09,0.225,2.42,3.66,3041500,676400,0,Low
6.8,4.2,1,1,4.07,0.123,3.48,4.8,131300,24400,1,High
6.82,7.5,1,1,3.36,0.188,2.86,4.53,1407700,305200,0,Medium
6.74,8.8,1,1,3.4,0.182,2.85,4.47,1208800,342900,0,Medium
6.64,4.3,1,1,4.19,0.141,3.49,4.78,172400,84400,1,High
6.61,8.6,1,1,3.12,0.181,2.97,4.31,1215300,301500,1,Medium
6.68,3.2,1,1,3.55,0.12,3.29,5.02,75300,77700,1,High
6.88,24.2,1,0,2.57,0.342,2.87,3.57,4367600,670000,0,Low
6.76,3.6,1,1,4.69,0.126,3.42,4.86,207200,75800,1,High
6.91,19.9,0,1,2.97,0.304,2.62,3.71,4238300,817200,0,Low
6.82,8.4,1,1,3.13,0.18,3.03,4.47,1783900,331000,1,Medium
6.5,23.2,1,0,2.01,0.213,2.84,3.72,5929300,1116500,0,Low
6.63,2.2,1,1,4.14,0.166,3.31,4.96,131600,110300,1,High
7.07,17.8,0,0,2.77,0.327,2.68,4.2,6502100,632500,0,Low
7.07,15.7,0,0,2.42,0.334,2.79,4.01,2527500,547700,1,Low
6.84,7.0,1,1,3.37,0.163,2.9,4.58,1394000,259100,1,Medium
6.69,2.2,1,1,4.69,0.163,3.3,4.56,223200,216200,1,High
7.13,20.0,1,1,2.83,0.206,2.58,3.74,4847400,1070000,0,Low
6.33,17.0,0,1,2.65,0.329,2.43,3.76,7966900,838700,1,Low
6.73,4.6,1,1,3.47,0.129,3.2,4.67,148400,164600,1,High
7.0,18.3,0,0,2.16,0.328,2.51,3.8,5755900,582300,0,Low
6.92,17.4,0,0,2.92,0.327,2.8,4.06,3249900,368800,0,Low
6.31,17.1,0,0,2.1,0.253,2.76,3.93,2299300,443400,0,Low
6.78,4.5,1,1,4.36,0.127,3.16,5.16,118100,23900,1,High
6.65,9.2,0,1,3.28,0.186,2.98,4.46,1511900,290300,1,Medium
6.7,4.3,1,1,3.39,0.152,3.45,4.82,165400,189300,1,High
6.73,7.7,1,1,3.2,0.179,3.07,4.3,1336500,328800,1,Medium
6.66,3.4,1,1,4.0,0.161,3.38,4.64,45900,167100,1,High
6.78,4.6,1,1,3.92,0.138,3.23,4.83,146000,194700,1,High
6.61,7.8,1,0,3.09,0.162,3.01,4.64,836300,354700,1,Medium
6.74,8.8,1,0,3.19,0.171,2.97,4.55,1768000,263000,1,Medium
6.58,8.3,1,0,3.14,0.172,2.94,4.47,1005600,263900,1,Medium
6.61,4.7,1,1,3.77,0.131,3.21,5.19,225200,218500,1,High
6.66,5.4,1,1,4.71,0.124,3.27,4.55,180500,53700,1,High
6.47,21.7,0,1,2.08,0.248,2.46,3.95,5157400,1013500,0,Low
6.32,22.8,0,0,3.02,0.31,2.4,3.53,7476200,618200,0,Low
6.8,6.8,1,1,3.38,0.181,3.12,4.51,715300,372900,1,Medium
6.4,11.7,0,1,2.55,0.257,2.32,3.95,2554200,688700,1,Low
6.3,17.2,0,0,2.49,0.271,2.67,4.05,4555300,871500,1,Low
6.9,17.8,1,1,2.58,0.279,2.81,4.37,7283900,325000,0,Low
7.13,22.1,0,1,2.18,0.208,2.43,3.98,4649600,661100,1,Low
6.77,5.2,1,1,3.85,0.132,3.09,4.98,242900,62600,1,High
6.69,2.1,1,1,3.76,0.134,3.27,4.96,218400,223100,1,High
6.65,4.5,1,1,3.94,0.162,3.21,4.67,128100,35100,1,High
6.25,10.2,0,0,2.26,0.328,2.43,3.82,2413300,309700,0,Low
6.23,23.0,1,0,2.84,0.335,2.67,3.92,7062100,526100,0,Low
6.66,7.9,1,1,3.37,0.169,2.93,4.42,1869600,395800,1,Medium
6.75,6.8,0,1,3.31,0.167,3.06,4.51,1772100,445500,1,Medium
6.42,14.3,0,0,2.63,0.313,2.79,3.68,5876200,1062600,0,Low
6.72,4.4,1,1,4.31,0.158,3.34,4.92,97700,131200,1,High
6.63,5.6,1,1,3.9,0.126,3.34,4.91,12900,114000,1,High
6.58,9.3,1,1,3.32,0.189,3.0,4.48,326900,319500,0,Medium
6.93,21.4,0,1,2.97,0.196,2.9,4.2,5352000,553600,0,Low
7.08,12.8,1,0,2.12,0.266,2.45,3.91,4201800,1024300,0,Low
6.74,7.7,1,1,3.19,0.165,3.01,4.53,1974100,399300,0,Medium
6.97,19.4,0,1,2.94,0.291,2.53,4.11,4809200,840600,0,Low
7.09,14.5,0,1,2.65,0.182,2.83,3.84,2966100,354100,1,Low
6.69,4.7,1,1,3.7,0.129,3.29,5.15,131400,229700,1,High
6.63,8.0,1,1,3.1,0.167,3.11,4.39,1005900,405400,1,Medium
6.5,17.4,0,1,2.81,0.219,2.59,3.59,6889500,798600,0,Low
7.16,13.2,1,0,3.01,0.221,2.55,4.36,4052800,643300,0,Low
6.62,4.5,1,1,3.39,0.156,3.25,4.55,199800,114900,1,High
6.66,9.0,1,1,3.25,0.189,2.95,4.51,1291700,252300,1,Medium
7.1,16.6,0,0,2.32,0.33,2.75,4.03,5937500,925000,0,Low
6.64,7.1,1,0,3.38,0.185,2.98,4.57,838700,257900,1,Medium
6.34,13.2,0,0,2.76,0.275,2.55,3.71,7337800,933600,0,Low
6.47,21.4,0,0,3.0,0.218,2.49,4.0,7859100,674400,0,Low
7.04,18.4,0,1,3.11,0.324,2.79,4.19,7542000,736700,0,Low
6.39,15.1,1,0,3.11,0.335,2.47,4.12,6928100,866100,1,Low
6.75,5.2,1,1,4.35,0.166,3.24,4.64,154800,247200,1,High
6.59,9.8,1,1,3.35,0.186,2.97,4.39,1332400,427900,0,Medium
6.68,4.5,1,1,4.77,0.145,3.26,5.18,220700,160000,1,High
6.67,3.3,1,1,3.35,0.139,3.3,4.8,94400,56300,1,High
6.77,5.3,1,1,3.69,0.167,3.11,4.75,264800,111500,1,High
6.76,3.7,1,1,4.49,0.164,3.24,4.72,281400,135700,1,High
6.39,12.0,0,1,2.94,0.346,2.58,4.33,6289900,723200,1,Low
6.63,5.3,1,1,4.55,0.136,3.13,4.71,207100,91700,1,High
6.39,13.3,0,1,2.98,0.302,2.68,4.37,7089400,410200,1,Low
6.4,12.9,0,0,2.4,0.243,2.41,4.21,5345400,355100,0,Low
7.19,19.5,0,0,2.78,0.297,2.84,4.04,4690900,367000,0,Low
6.59,7.2,0,1,3.3,0.174,2.94,4.58,1874700,295400,1,Medium
6.49,11.8,1,1,2.47,0.195,2.33,3.81,2591100,1075400,0,Low
7.04,22.6,0,0,2.62,0.258,2.76,4.36,2954400,1167400,1,Low
6.66,4.8,1,1,3.32,0.158,3.16,4.74,217000,47400,1,High
6.79,2.1,1,1,3.37,0.165,3.19,4.96,143400,168200,1,High
6.67,2.4,1,1,4.31,0.144,3.34,5.09,294000,214600,1,High
6.69,5.7,1,1,4.37,0.139,3.46,4.91,155700,41000,1,High
6.68,8.3,1,1,3.16,0.187,2.88,4.31,908400,410100,1,Medium
6.61,7.4,1,1,3.14,0.179,3.09,4.63,1276800,332900,1,Medium
6.65,6.8,1,1,3.36,0.166,3.11,4.55,310500,368200,1,Medium
6.46,23.4,0,1,2.74,0.338,2.56,3.64,6624100,700200,0,Low
6.77,3.4,1,1,4.2,0.141,3.35,4.89,48900,178700,1,High
6.75,2.7,1,1,3.9,0.134,3.11,4.71,229200,135400,1,High
6.5,22.7,0,0,2.35,0.341,2.84,3.78,5555700,747800,1,Low
6.59,8.3,1,1,3.16,0.184,3.09,4.32,689100,251200,0,Medium
7.02,17.7,1,0,2.27,0.192,2.51,3.84,6632100,1011400,1,Low
6.65,8.4,1,1,3.12,0.172,3.14,4.55,684200,405900,0,Medium
6.56,9.2,0,1,3.19,0.188,3.15,4.51,1715900,293100,1,Medium
6.66,5.3,1,1,4.61,0.12,3.4,4.84,284400,212300,1,High
6.65,9.4,0,1,3.33,0.166,3.1,4.39,1739100,371200,1,Medium
6.63,4.2,1,1,4.0,0.16,3.47,4.8,161400,37800,1,High
6.58,8.8,1,1,3.1,0.177,3.1,4.42,1848000,256000,1,Medium
6.63,4.1,1,1,4.37,0.157,3.12,4.56,201100,184700,1,High
6.87,20.9,1,0,2.47,0.287,2.78,3.86,6484500,1084500,1,Low
7.17,15.9,0,0,2.77,0.332,2.55,3.73,3020000,793500,0,Low
6.61,4.1,1,1,4.4,0.129,3.34,4.79,203900,232400,1,High
6.3,22.0,0,0,2.37,0.233,2.5,4.19,7437100,508200,1,Low
6.28,16.4,0,0,2.1,0.269,2.62,3.91,3548600,667400,0,Low
6.62,5.3,1,1,3.88,0.149,3.4,4.78,39900,157700,1,High
6.63,6.7,1,0,3.25,0.174,2.97,4.38,1991000,439900,1,Medium
6.96,13.7,1,0,2.16,0.32,2.46,3.96,4355400,781600,1,Low
7.05,24.5,1,0,2.38,0.19,2.48,3.89,2788000,844200,0,Low
6.44,22.0,1,0,2.11,0.333,2.55,4.24,5231300,688100,0,Low
6.73,2.4,1,1,4.45,0.123,3.42,4.88,88200,240900,1,High
6.29,24.5,0,0,3.17,0.26,2.76,3.61,6916000,718000,0,Low
6.82,8.8,1,1,3.12,0.175,2.99,4.53,1472500,334500,1,Medium
7.06,22.1,0,0,2.77,0.294,2.43,3.65,3713900,660600,1,Low
6.31,15.8,0,1,2.53,0.267,2.51,4.05,4780800,657700,0,Low
6.64,9.4,1,1,3.14,0.19,3.09,4.5,1754100,442600,1,Medium
7.03,13.8,0,0,3.14,0.288,2.7,4.35,6279700,371200,1,Low
6.79,8.3,1,0,3.14,0.18,2.97,4.51,675900,407000,1,Medium
6.77,3.3,1,1,4.77,0.13,3.32,5.18,175700,49900,1,High
6.59,6.8,1,0,3.28,0.162,2.97,4.36,595100,276100,1,Medium
7.14,21.9,0,0,3.03,0.186,2.89,3.65,3690500,852600,0,Low
7.02,24.9,0,0,3.08,0.232,2.58,4.07,6936000,888800,1,Low
6.94,10.6,0,0,2.72,0.26,2.81,3.63,4990200,916200,0,Low
6.69,2.6,1,1,4.51,0.159,3.41,4.67,230100,186800,1,High
6.78,8.5,1,0,3.19,0.163,2.97,4.63,1737200,314400,1,Medium
6.65,9.5,1,0,3.36,0.166,3.07,4.47,715000,426300,1,Medium
6.3,24.9,0,1,3.02,0.214,2.33,3.55,5144200,317800,1,Low
6.3,11.9,1,0,2.44,0.259,2.71,4.07,2975900,1184100,0,Low
6.49,14.4,0,0,2.3,0.181,2.79,4.32,5352200,813500,0,Low
6.66,5.1,1,1,4.1,0.165,3.26,4.71,207400,244900,1,High
7.0,22.4,0,1,2.14,0.31,2.67,3.52,5442800,1036000,0,Low
6.79,8.2,1,1,3.17,0.163,3.02,4.36,708000,435100,0,Medium
7.02,17.5,0,0,3.15,0.273,2.57,4.37,4280800,542200,1,Low
6.77,9.9,1,1,3.24,0.174,3.15,4.43,608000,250200,0,Medium
7.11,13.6,0,1,2.64,0.234,2.74,3.97,7606700,724900,0,Low
6.77,2.5,1,1,3.93,0.121,3.2,5.06,119300,46000,1,High
6.82,8.9,1,1,3.19,0.188,2.99,4.52,1118200,340700,0,Medium
6.78,2.1,1,1,3.62,0.153,3.45,4.7,189500,104200,1,High
6.45,22.0,0,0,2.57,0.263,2.33,4.32,4137600,342800,1,Low
6.77,8.0,1,1,3.29,0.185,3.06,4.57,727700,359200,1,Medium
6.95,19.0,1,0,2.95,0.243,2.65,4.1,5993200,1110300,0,Low
6.25,18.8,0,0,2.54,0.311,2.94,3.73,6339800,965500,0,Low
6.34,16.4,0,0,2.91,0.204,2.54,4.34,6783000,705000,0,Low
6.55,9.2,1,0,3.08,0.178,3.08,4.61,1325800,427300,1,Medium
6.68,8.2,1,1,3.19,0.171,2.88,4.64,1153300,335600,0,Medium
